ZIP,Predicted_Earned_Premium,Quantum_Risk_Prob,Avg_Org_Fire_Risk_Score
90265,100683042.9087494,0.2661,1.9316666666666669
94558,62966529.615270965,0.7105,1.01
93446,42615681.9604878,0.8938,1.1266666666666667
95901,34590019.28020939,0.7595,0.6883333333333334
94565,32397741.276013665,0.0474,0.4083333333333334
96161,29102384.527270067,0.0794,2.2
92407,28120332.810750414,0.6923,1.01
91362,27734032.376232777,0.0121,1.04
95648,27179217.384407535,0.9641,0.7783333333333333
93536,26976760.471941575,0.4329,0.6333333333333333
90049,26091039.910087228,0.025,1.2249999999999999
95476,25800677.876304943,0.0582,0.895
90210,25753879.152064245,0.0124,1.4649999999999999
95404,24914431.084858384,0.1462,1.1500000000000001
93063,24381552.489896227,0.4312,0.9
96150,23856014.755189247,0.0794,2.0216666666666665
93257,23829270.442170717,0.1607,0.6699999999999999
95667,22894356.794211708,0.0592,2.2083333333333335
93657,22769006.42150364,0.8916,0.4566666666666666
94010,22378805.197355073,0.0079,0.9049999999999999
90272,22117193.852354273,0.0615,1.6533333333333333
94611,21648684.326487087,0.0125,1.2116666666666667
93306,21627744.664596114,0.2558,0.505
93311,21514768.32411889,0.0988,0.4883333333333333
96001,21477144.809884414,0.1793,1.165
93561,21048040.052994553,0.6604,1.5583333333333333
91311,20608053.21131057,0.2502,0.87
95688,20303487.97354161,0.2929,0.7316666666666668
91709,19752889.69483772,0.0183,0.9216666666666667
95762,19688735.017056573,0.0681,1.31
92677,19332958.219317805,0.0132,0.7416666666666667
92404,19026781.839565735,0.1197,0.4366666666666667
92592,18573250.22380241,0.1017,1.1500000000000001
92694,18476262.535819054,0.1017,0.8466666666666667
96007,18366797.287567925,0.8794,1.1483333333333334
92352,18035426.530198824,0.1017,2.7716666666666665
91302,17882748.44890412,0.0446,1.7133333333333332
92562,17470580.578798123,0.0232,1.065
92336,17337741.28785533,0.0527,0.42333333333333334
94513,17133822.111248463,0.088,0.445
92130,17108616.043284815,0.0457,0.98
92651,17077654.702399004,0.0397,1.3
92253,16958248.599132236,0.0424,0.47000000000000003
95747,16920538.16665981,0.9511,0.4183333333333333
95630,16795272.726497114,0.0376,0.6266666666666666
93065,16767656.706838107,0.3553,0.8633333333333333
94062,16764204.218176339,0.0079,1.4616666666666667
95321,16578384.68051586,0.0619,2.43
92679,16343833.166616747,0.1536,1.6433333333333335
91390,16308510.547367916,0.0572,1.7850000000000001
90046,16132987.636386588,0.0381,1.275
94941,16068810.137604969,0.2352,1.3033333333333335
92037,16037168.636375528,0.0457,0.8616666666666667
94112,15602875.461441401,0.0079,0.305
94122,15398985.454306386,0.0079,0.325
93420,15290894.536648208,0.3097,1.24
94549,15181009.416399073,0.0125,1.3416666666666668
95070,15170458.635354454,0.0131,1.595
95076,15057807.674652625,0.0192,0.94
95959,15034164.548572036,0.432,2.54
95949,14970434.756329069,0.0328,2.4383333333333335
96130,14963130.413129335,0.6122,1.1466666666666667
94566,14949233.575417222,0.0131,0.5950000000000001
96080,14664515.059603916,0.4629,0.93
95370,14629091.832506986,0.0256,2.2383333333333333
90077,14613207.538859382,0.0124,1.8666666666666665
95448,14600081.014454763,0.8164,1.3299999999999998
94539,14588746.986777203,0.0131,0.5483333333333333
96003,14472930.1500037,0.0877,1.27
92127,14271052.703202458,0.0457,0.9133333333333334
90068,14268965.413499648,0.0605,1.4316666666666666
92028,14210364.172128504,0.0485,1.4216666666666666
95020,14064514.104158426,0.1165,0.6866666666666666
94568,14051942.681016417,0.0131,0.44166666666666665
95037,14021302.121458763,0.1889,0.9966666666666667
94110,13936678.432841418,0.0079,0.34833333333333333
95624,13933938.447942868,0.0376,0.36000000000000004
91326,13852161.731839066,0.0124,0.7816666666666666
94116,13830618.628738936,0.0079,0.29833333333333334
92024,13767925.807122616,0.0457,0.8266666666666667
95120,13760861.900558028,0.0131,1.0266666666666666
94526,13748975.948312126,0.0131,1.1616666666666666
92886,13731967.836170185,0.0132,0.7816666666666666
92064,13696520.139751015,0.0457,1.2566666666666666
93060,13671762.246002005,0.1547,0.7483333333333333
94550,13643683.107192006,0.5554,0.8666666666666667
92880,13571212.162073763,0.1208,0.5383333333333333
90266,13508375.081186805,0.0106,0.44166666666666665
94563,13420555.04224663,0.0125,1.51
93551,13307367.488422649,0.4937,0.6216666666666667
93619,13288382.25763152,0.2037,0.86
95961,13253116.866702477,0.0681,0.30833333333333335
91344,13201193.46235415,0.0318,0.585
94022,13174771.181975262,0.0131,1.4116666666666664
92563,13174715.447729355,0.1017,0.7000000000000001
92503,13118966.543155504,0.0937,0.53
94025,13066978.104952741,0.0131,0.9066666666666667
94118,13015328.24503162,0.0079,0.37333333333333335
91384,12958489.620069861,0.3316,1.5883333333333336
94553,12896256.928449458,0.0125,0.6083333333333333
95006,12839244.79363281,0.3689,2.018333333333333
93001,12787741.804331392,0.256,0.9283333333333333
94536,12667791.714050712,0.0131,0.3666666666666667
95014,12644403.19701012,0.0131,0.9866666666666667
95945,12632692.214899806,0.0681,2.0316666666666667
92009,12628221.216826148,0.0457,1.4233333333333336
93722,12573215.893784998,0.065,0.2783333333333333
95125,12547981.476362055,0.0131,0.435
91765,12538921.121081056,0.0132,1.005
94506,12524120.430171102,0.0131,1.155
95682,12506539.57855062,0.361,1.7750000000000001
94509,12498031.503221545,0.0474,0.4183333333333333
95758,12485070.748727279,0.0376,0.355
94533,12443616.582948009,0.017,0.41
91320,12435741.10893021,0.9498,1.0516666666666667
94534,12434920.209607199,0.116,0.7416666666666667
94591,12382471.29017512,0.0474,0.43333333333333335
94121,12370151.6269235,0.0079,0.33499999999999996
92078,12342181.293061906,0.0457,1.1866666666666668
90275,12301086.00035499,0.0106,0.4766666666666666
93312,12257459.798411356,0.0609,0.3283333333333333
90274,12257006.8006329,0.0106,0.7949999999999999
92345,12245168.059733065,0.1017,1.0533333333333335
95687,12205469.092320796,0.0586,0.4033333333333333
91604,12128259.874795936,0.0124,1.22
94605,12079962.80929318,0.0125,0.9166666666666666
92630,12070024.959620776,0.0259,0.47833333333333333
95060,12025485.598530287,0.1141,1.03
94587,12021040.3888253,0.0131,0.33166666666666667
94582,12013201.984971438,0.0131,0.4683333333333333
92660,12008614.267527502,0.0132,0.5366666666666666
95608,11956212.938238455,0.0376,0.4116666666666666
91342,11916693.853922464,0.0124,0.63
92067,11894516.042736236,0.0457,1.6733333333333336
92692,11878442.801897392,0.1017,0.65
95123,11875669.13936947,0.0131,0.43166666666666664
92129,11802033.514893603,0.0457,1.1716666666666666
93401,11793654.999222238,0.621,0.9416666666666665
91356,11765898.775708506,0.0124,0.7333333333333334
95223,11757633.755255733,0.211,2.8049999999999997
94501,11757615.279414725,0.0125,0.3183333333333333
92065,11749165.858873665,0.066,1.5366666666666668
92882,11675540.848865114,0.1017,0.7399999999999999
94114,11661342.470751515,0.0079,0.39999999999999997
94901,11649543.284948085,0.1759,1.0083333333333333
94080,11597766.959020078,0.0079,0.31666666666666665
91710,11491152.143151164,0.1017,0.4033333333333333
91364,11460421.910126435,0.444,1.23
92315,11449137.834516773,0.1017,2.305
92270,11425433.449376293,0.0424,0.5533333333333333
92399,11416792.705426218,0.1017,1.1266666666666667
93727,11399995.696093118,0.065,0.34
93108,11389293.36662732,0.0128,1.9166666666666667
92220,11285988.008813052,0.0302,0.8150000000000001
95023,11192055.279961336,0.5828,0.52
95124,11065283.809661562,0.0131,0.5083333333333333
94507,11027143.41404485,0.0131,1.5133333333333334
92223,10988188.464140344,0.1017,0.8933333333333334
94024,10975692.829131814,0.0131,0.98
95355,10873959.260992069,0.0256,0.37000000000000005
94521,10851695.136896463,0.0474,0.4083333333333334
95425,10846617.982376777,0.1247,1.4183333333333334
90069,10831265.173307331,0.0124,0.9566666666666667
95003,10829744.498649511,0.0509,1.2266666666666668
92026,10810371.66345829,0.0457,1.2633333333333334
94531,10799044.643463695,0.0474,0.48500000000000004
92675,10794888.147711724,0.0555,0.8316666666666667
95966,10765946.09784938,0.5365,1.6133333333333333
92131,10754416.942325886,0.0457,1.2916666666666667
91387,10731651.45440597,0.0134,1.2533333333333334
95602,10686561.73767953,0.0681,1.75
91361,10674694.79645982,0.9051,1.4533333333333334
92584,10664781.13365519,0.1017,0.7066666666666667
91011,10641082.689431148,0.0124,1.1383333333333334
94583,10636974.02774638,0.0131,1.2566666666666666
92646,10623055.650110092,0.0132,0.445
92260,10615993.77880118,0.0424,0.5666666666666667
94574,10575622.392998604,0.0942,1.2766666666666666
91350,10561497.047665605,0.0124,1.1
95603,10551203.204476986,0.0681,1.5599999999999998
94070,10520004.638441956,0.0079,1.0883333333333334
95035,10458972.235367421,0.0885,0.2783333333333333
90631,10400488.63369474,0.028,0.7483333333333334
92506,10302138.264864737,0.1017,0.5816666666666667
91301,10286043.962211236,0.2471,1.2083333333333333
94044,10285753.350566136,0.0079,1.1466666666666667
95746,10274618.081022702,0.0681,1.22
93611,10252832.362548573,0.065,0.36999999999999994
94015,10208328.595244156,0.0079,0.4283333333333334
95757,10170183.509942902,0.0376,0.31833333333333336
92673,10154282.607749432,0.0343,0.7949999999999999
94087,10141148.725228589,0.0131,0.5
91367,10091646.3672021,0.0124,0.375
95628,10080551.823926134,0.0376,0.35833333333333334
91001,10056415.26473726,0.0124,1.1066666666666667
94544,10053536.105582578,0.0131,0.33166666666666667
92128,10020395.40872002,0.0457,1.265
91436,10000348.615921168,0.0124,0.9783333333333334
93720,9967993.60242575,0.065,0.4533333333333333
91423,9963227.936699124,0.0124,1.0016666666666667
92705,9928188.990446966,0.0132,0.5233333333333333
93230,9926811.937315058,0.0522,0.33
92509,9903728.195497187,0.0851,0.5850000000000001
92691,9894061.438498357,0.1017,0.39166666666666666
93923,9858390.196158009,0.0509,1.9349999999999998
92314,9857378.164922502,0.1017,2.3633333333333333
94602,9833759.760780418,0.0125,0.6683333333333333
95831,9791692.155088745,0.0376,0.2833333333333333
94546,9785129.938074082,0.0131,0.55
94561,9749440.806759398,0.0474,0.4216666666666667
92262,9743369.434285328,0.0281,0.5766666666666667
93535,9715581.764994571,0.1316,0.57
95472,9703913.01527579,0.052,0.9516666666666667
92126,9673694.20752832,0.0457,0.7683333333333332
93021,9619022.661128942,0.0809,1.1616666666666666
92883,9611480.372198844,0.0128,0.8250000000000001
92019,9606233.668326704,0.0321,1.2249999999999999
92620,9605309.521088341,0.0132,0.43166666666666664
91745,9583169.417451773,0.0228,0.7166666666666667
93711,9570754.067298247,0.065,0.3333333333333333
92346,9544071.299491586,0.2088,0.6683333333333333
92530,9507136.287756024,0.0557,0.785
95032,9502897.82219179,0.0131,0.995
92807,9445405.344414262,0.0132,0.7466666666666666
92021,9314085.169385336,0.0457,1.1233333333333333
90402,9290348.815528234,0.0106,0.73
94131,9286571.61174174,0.0079,0.41500000000000004
91360,9255535.423296282,0.0284,0.995
95127,9251619.374821225,0.0131,0.7200000000000001
92656,9232538.467955071,0.0554,0.5616666666666666
95403,9230962.109067911,0.0575,0.68
94541,9230021.257961106,0.0131,0.49
94123,9227588.626122322,0.0125,0.4266666666666667
94127,9226418.395498063,0.0079,0.395
92672,9163379.408216901,0.0575,0.6983333333333333
92657,9134847.116685543,0.0132,1.11
94403,9129419.774334332,0.0079,0.3966666666666667
92234,9111974.208849577,0.0424,0.44166666666666665
94066,9111569.067927837,0.0079,0.41
95409,9082828.597233031,0.0586,0.9700000000000001
93012,9082808.317226628,0.0549,0.9383333333333334
90024,9073742.58518955,0.0106,0.45999999999999996
92071,9066887.59883894,0.0457,0.8183333333333334
91316,9036284.898693915,0.0124,0.6166666666666667
94920,9013376.4778705,0.0125,1.1683333333333332
94954,8996658.08041584,0.708,0.4983333333333333
91739,8986944.446509061,0.1017,0.49
92708,8980397.350343546,0.0132,0.405
92392,8973549.701626455,0.1316,0.59
92057,8915203.856680248,0.0457,0.5383333333333333
92084,8886593.691352403,0.0457,1.14
92040,8884862.442852294,0.1207,1.325
93313,8868184.139005456,0.0609,0.385
95376,8863187.505441625,0.0256,0.35333333333333333
91789,8858162.70014277,0.0132,0.7716666666666666
94115,8845110.571085935,0.0125,0.405
92056,8843047.744899489,0.0457,0.6483333333333333
92629,8827320.255572377,0.0132,0.46166666666666667
90650,8820194.699984018,0.0132,0.42333333333333334
92211,8819256.135217883,0.0424,0.5516666666666666
92648,8797072.81360234,0.0132,0.44
92688,8796866.99965699,0.1017,0.8083333333333332
91304,8765439.69419563,0.0124,0.7600000000000001
94806,8740848.08171487,0.0125,0.365
92618,8721276.388086228,0.0132,0.51
94560,8696622.927228056,0.0131,0.37833333333333335
94952,8696096.062472334,0.2076,0.7983333333333333
94117,8689740.848000333,0.0079,0.4383333333333333
94402,8689231.911847789,0.0079,0.6466666666666666
94619,8671245.235116407,0.0125,0.69
92264,8645360.420424903,0.0483,0.6366666666666667
95823,8644687.496506259,0.0376,0.3333333333333333
95051,8641907.822897151,0.0131,0.2783333333333333
94903,8613597.115643566,0.0125,0.7866666666666667
93550,8604528.37224727,0.0264,0.4633333333333334
95350,8603768.70860539,0.0256,0.3433333333333333
91335,8587801.417067483,0.0124,0.35333333333333333
94598,8578917.70278093,0.0125,1.085
95973,8567445.97142781,0.2238,0.9516666666666667
93105,8561464.751396844,0.024,1.7533333333333332
93274,8547560.392948434,0.0522,0.49833333333333335
91307,8532721.267624198,0.0124,0.6266666666666666
93010,8515662.41537065,0.0121,0.7816666666666667
94027,8496474.280464215,0.0079,1.38
93940,8490470.6214884,0.0509,1.2483333333333333
94577,8487998.159610737,0.0125,0.36833333333333335
95209,8472786.67359189,0.0256,0.4583333333333333
95765,8458260.586678434,0.526,0.39166666666666666
92869,8456489.923352553,0.0132,0.5133333333333333
95062,8438484.013783919,0.0509,0.44
95670,8418023.826853044,0.0376,0.3933333333333333
95828,8406204.648479935,0.0376,0.3233333333333333
95008,8393636.59432862,0.0131,0.40499999999999997
92027,8393309.274326177,0.0457,0.965
95148,8367407.977456921,0.0131,0.5016666666666666
94551,8339461.150701833,0.0131,0.5583333333333333
90027,8331640.525101869,0.0124,0.62
92683,8295580.213482482,0.0132,0.3666666666666667
92117,8270202.627127418,0.0457,0.75
95206,8260694.5382784745,0.0256,0.27166666666666667
93309,8258654.200287974,0.0609,0.5016666666666666
91901,8252615.176976123,0.053,2.1366666666666667
95336,8239493.433640051,0.0256,0.3666666666666667
95030,8215836.294789076,0.0131,1.5650000000000002
94523,8203598.443633057,0.0125,0.5816666666666667
91910,8197889.698921485,0.0084,0.5866666666666668
93003,8185656.210339057,0.9488,0.7516666666666666
90066,8158378.196316866,0.0106,0.4083333333333334
93906,8140496.1498723235,0.0192,0.4283333333333333
92201,8127665.069471324,0.0424,0.42166666666666663
92154,8126373.643739623,0.078,0.6183333333333333
91403,8123832.576221496,0.0124,1.05
94538,8115460.217545705,0.0131,0.26
94610,8113014.424880574,0.0125,0.41500000000000004
92867,8081112.535646218,0.0404,0.535
94928,8028602.030568679,0.0474,0.39999999999999997
93308,8025485.197009389,0.291,0.45999999999999996
93307,8025378.298198634,0.0609,0.38166666666666665
94588,8009067.333875981,0.0131,0.9483333333333333
92557,7994796.697888406,0.1017,0.4716666666666667
92376,7984752.926877557,0.1017,0.3116666666666667
93291,7976799.980787392,0.0522,0.44
94061,7963985.496187339,0.0079,0.66
91006,7958818.745505704,0.0124,0.5883333333333334
91107,7940097.060695401,0.0124,0.7200000000000001
96002,7907668.677342007,0.05,0.6716666666666667
91701,7902221.212802502,0.1017,0.49666666666666665
91711,7836876.69913511,0.1017,0.7266666666666667
92373,7816669.042123153,0.0975,1.285
91354,7811263.657446597,0.0124,0.665
92308,7800461.44173481,0.1017,0.9083333333333333
92570,7732978.968587156,0.1199,0.9816666666666666
95835,7726925.294925902,0.0376,0.43999999999999995
94530,7713929.997406529,0.0125,0.5883333333333334
93314,7704090.463853156,0.0609,0.365
95928,7703827.160449917,0.0345,0.8450000000000001
91977,7627158.270978565,0.0084,0.6916666666666668
91784,7624970.896183004,0.1017,0.7633333333333333
92653,7617430.318358137,0.0322,0.455
92504,7612766.597898139,0.1017,0.46166666666666667
95822,7597504.627500666,0.0376,0.41
94618,7595559.380582302,0.0125,0.6900000000000001
94510,7585465.423237666,0.0927,0.5283333333333333
92203,7584538.592209737,0.0424,0.4566666666666667
92544,7558864.705809583,0.3428,0.7633333333333333
96145,7556851.332792979,0.0794,1.8949999999999998
91761,7533485.502726042,0.1017,0.3833333333333333
93422,7533047.054045315,0.0269,1.4100000000000001
95726,7528454.912209953,0.0681,2.858333333333333
92325,7496662.254051998,0.1017,2.216666666666667
94803,7483273.0845558075,0.0125,1.0783333333333334
92555,7458033.264800705,0.1104,0.49
94014,7448591.743269401,0.0934,0.5483333333333333
92069,7447592.230615413,0.0457,1.015
94002,7435400.749911284,0.0079,1.1066666666666667
92881,7432450.756024152,0.4608,0.6
94960,7421498.7302295575,0.0125,1.1116666666666666
92114,7406267.779185728,0.0084,0.5316666666666667
92307,7405617.284493261,0.7012,0.9983333333333334
93455,7404009.518962538,0.3136,0.5750000000000001
91911,7401765.65013564,0.0084,0.45166666666666666
94708,7395437.395312714,0.0125,1.3733333333333333
95678,7393678.130952759,0.0681,0.4266666666666667
92887,7387239.1080374345,0.0259,1.0516666666666667
93023,7371254.001679078,0.3471,1.5366666666666668
92595,7365096.217468182,0.1017,1.085
94303,7314939.512189918,0.0131,0.48666666666666664
94947,7307870.43995203,0.0125,1.0766666666666667
92508,7305578.327014076,0.1017,0.5433333333333333
95337,7303895.744000612,0.0256,0.375
92870,7302092.654571874,0.0132,0.42
91331,7299797.529037579,0.0124,0.3933333333333333
91744,7266226.881359447,0.0132,0.425
92082,7259702.382523585,0.1154,1.7016666666666669
95621,7200583.835986271,0.0376,0.4183333333333333
94109,7195416.445618327,0.0125,0.40166666666666667
92335,7190710.655694638,0.1017,0.375
92625,7173035.951440406,0.0132,0.5166666666666667
95864,7168561.099011581,0.0376,0.3383333333333334
95492,7162493.802338414,0.0586,0.5366666666666666
91750,7161294.437794076,0.0132,0.8066666666666666
92109,7161174.392836163,0.0084,0.7050000000000001
92821,7129639.9818840455,0.0132,0.94
91730,7107858.453699434,0.1017,0.40166666666666667
93277,7099317.267917399,0.0522,0.45166666666666666
92649,7098116.528954716,0.0132,0.4566666666666667
94705,7073875.114214587,0.0125,1.0016666666666667
90019,7068936.505222587,0.0106,0.48
95377,7050684.165669865,0.5363,0.3516666666666666
95136,7042810.042834514,0.0131,0.43333333333333335
95843,7034519.163669494,0.0376,0.38999999999999996
95691,7033253.872711848,0.0376,0.35000000000000003
90703,7028340.821574857,0.0132,0.33
94556,7016403.146938883,0.0125,1.8333333333333333
94707,7006443.758155596,0.0125,1.05
95132,6993303.210058795,0.0131,0.5733333333333334
92545,6963272.156986021,0.1017,0.4583333333333333
92553,6960859.137047994,0.1017,0.305
92603,6941421.623759792,0.0132,0.5933333333333334
94804,6934944.875134911,0.0125,0.25333333333333335
91737,6931296.548503821,0.1017,0.7883333333333334
93546,6925565.909235299,0.7391,1.86
91941,6916510.597931561,0.0084,0.7666666666666666
94404,6914765.0690858215,0.0079,0.2833333333333333
92663,6914287.123708148,0.0132,0.4716666666666667
90064,6912048.989638218,0.0106,0.3466666666666667
91343,6901890.171776085,0.0124,0.3416666666666666
95240,6891060.09648836,0.156,0.47333333333333333
95610,6886996.262691826,0.0376,0.3383333333333334
95662,6873478.953475758,0.0376,0.40166666666666667
95946,6862684.360930961,0.0681,1.8583333333333334
95033,6842786.789776521,0.0131,2.1133333333333333
91214,6842480.025106138,0.0124,0.6383333333333333
92591,6829834.499567647,0.1017,0.5216666666666666
91913,6819661.444236819,0.0084,0.5283333333333333
90065,6818227.606578768,0.0124,0.695
93033,6808822.811395965,0.0121,0.36833333333333335
95926,6773880.397617517,0.2238,0.57
94904,6771380.399716005,0.0125,0.9966666666666667
91741,6770128.896094865,0.0132,0.9916666666666667
95451,6768686.055496564,0.8701,1.71
95401,6743903.734085513,0.0586,0.38166666666666665
95993,6727835.89860127,0.0681,0.5016666666666666
94134,6715245.417428067,0.0079,0.3216666666666667
91748,6689529.634043563,0.0482,0.545
90638,6678279.43507705,0.0132,0.4183333333333333
94028,6676326.675175197,0.0079,1.51
95129,6672711.143974302,0.0131,0.27
90045,6666759.398895431,0.0106,0.5099999999999999
92627,6666012.277262911,0.0494,0.4183333333333333
91773,6659263.884804481,0.0338,1.0516666666666667
90291,6620437.561686715,0.0106,0.54
94301,6593172.83069486,0.0131,0.8583333333333334
95661,6584279.913877558,0.0681,0.435
94306,6540699.598774881,0.0131,0.40166666666666667
91206,6537429.21235084,0.0124,1.0766666666666667
91766,6524507.784652093,0.0132,0.52
93035,6524216.168300254,0.0275,0.4383333333333333
90277,6519849.385837367,0.0106,0.38000000000000006
90026,6506483.388999607,0.0124,0.3733333333333333
92324,6495550.079183208,0.1017,0.5983333333333333
92036,6480135.620264881,0.0457,2.1283333333333334
93635,6464324.606369662,0.1997,0.38166666666666665
92571,6462728.691540119,0.1017,0.4033333333333333
95482,6459784.90493824,0.0969,1.1500000000000001
95616,6450169.938582646,0.0376,0.3566666666666667
94555,6448434.2024591,0.0131,0.32
92833,6445846.596160692,0.0132,0.4483333333333333
92029,6437809.533621123,0.0457,1.3716666666666668
90803,6427035.5680036815,0.0132,0.4266666666666667
91016,6415159.786033919,0.0124,0.8183333333333334
92626,6414368.696746869,0.0132,0.49
95382,6414288.372386771,0.0256,0.3466666666666667
90250,6410557.229100664,0.0106,0.3016666666666667
95338,6389308.056453296,0.7258,2.2483333333333335
95356,6382118.59835429,0.0256,0.3466666666666667
95361,6376120.727475264,0.5826,0.4283333333333334
95207,6364021.838277206,0.0256,0.31666666666666665
91762,6348305.673568429,0.1017,0.39333333333333337
92532,6327856.936160201,0.1017,0.895
92025,6318877.620138282,0.0457,0.9783333333333334
92647,6313137.182660107,0.0132,0.395
90278,6283473.012054142,0.0106,0.3933333333333333
91325,6283366.144102093,0.0124,0.325
91381,6277967.4894150235,0.067,1.2883333333333333
94518,6270701.904144407,0.0125,0.4033333333333333
95118,6262029.767964762,0.0131,0.36000000000000004
91208,6248605.980594936,0.0124,1.2183333333333335
94552,6236628.106374598,0.0131,1.7583333333333335
90805,6225863.441965994,0.0132,0.35000000000000003
92596,6216911.880617815,0.0627,0.7166666666666667
95066,6215376.895390605,0.0398,1.7266666666666666
90042,6214992.709410989,0.0124,0.9816666666666668
92020,6210566.684911908,0.0457,0.6183333333333333
93030,6206378.205434887,0.0402,0.34833333333333333
95695,6204401.734856902,0.0376,0.4633333333333334
95713,6203833.40904398,0.0681,2.396666666666667
90630,6202708.50883394,0.0132,0.40166666666666667
95219,6196219.110820133,0.0256,0.3
95826,6186810.37695852,0.0376,0.37666666666666665
90004,6185211.687811663,0.0124,0.32333333333333336
90290,6161808.539735179,0.0304,2.855
93552,6154091.999748068,0.1316,0.5016666666666666
95470,6152158.3804688845,0.0829,1.38
93908,6139791.81364266,0.5023,1.4716666666666667
95252,6132426.844817224,0.1092,1.6449999999999998
91306,6130072.03943046,0.0124,0.3183333333333333
93614,6120660.935910881,0.065,2.473333333333333
95242,6093557.547310686,0.0256,0.49833333333333335
93436,6081712.043325429,0.4028,0.6616666666666667
95111,6080134.173405303,0.0131,0.37166666666666665
91007,6070459.628980333,0.0124,0.4033333333333333
90044,6064260.685166111,0.0106,0.47500000000000003
91351,6057868.455153297,0.0124,0.9116666666666666
92014,6056687.501197677,0.0457,0.9933333333333333
90808,6044680.685527554,0.0132,0.5733333333333334
90043,5982300.673882498,0.0106,0.32
94547,5966919.602373164,0.0125,0.615
94030,5949588.203457648,0.0079,0.5433333333333333
92879,5948348.988319685,0.1017,0.4716666666666667
92122,5938026.666042676,0.0457,0.9066666666666667
90036,5932894.8215044215,0.0124,0.3183333333333333
92115,5926760.663689066,0.0084,0.6416666666666667
92804,5921859.605378995,0.0132,0.3566666666666667
92374,5920574.584226366,0.1017,0.5066666666666667
91355,5906899.430972028,0.0272,0.49833333333333335
95991,5901863.441372364,0.0681,0.4483333333333334
90815,5887764.917419784,0.0132,0.37333333333333335
91786,5886039.836281415,0.1017,0.37999999999999995
94601,5879091.44529596,0.0125,0.28
91321,5875668.829785039,0.209,1.2249999999999999
96022,5870657.328312675,0.3677,1.3566666666666667
91406,5858747.018582492,0.0124,0.34833333333333333
92120,5820998.620095176,0.0457,1.1033333333333333
93292,5782173.479293907,0.0522,0.48833333333333334
94086,5781877.158821022,0.0131,0.36333333333333334
95666,5767538.1916468395,0.0376,2.2133333333333334
90047,5762462.195280544,0.0106,0.5533333333333333
94590,5757342.067347801,0.0474,0.3233333333333333
93638,5747733.007634592,0.065,0.36999999999999994
92284,5745334.4776328085,0.0424,0.98
94945,5736859.439430741,0.0125,0.9250000000000002
94559,5734698.733766031,0.1142,0.6416666666666666
95138,5733381.7102300385,0.1018,0.5299999999999999
92808,5704794.147206429,0.0132,0.8533333333333334
95307,5702064.983733379,0.0256,0.30166666666666664
92210,5699869.28737528,0.0424,0.5633333333333334
92395,5698503.279718482,0.1017,0.5566666666666666
95829,5698383.538087317,0.0376,0.34833333333333333
94107,5691542.832331313,0.0125,0.3566666666666667
92103,5688362.8723714445,0.0084,0.6233333333333334
95204,5688202.3003809145,0.0256,0.33166666666666667
91702,5684087.740841394,0.0132,0.535
90280,5682152.078352922,0.0132,0.4383333333333333
95632,5678291.977559901,0.3274,0.43333333333333335
90660,5658979.764679371,0.0132,0.4066666666666667
92549,5622008.6410093475,0.0123,2.6333333333333333
91752,5621972.172709868,0.1017,0.4166666666666667
94545,5614691.756239857,0.0131,0.3083333333333333
94585,5604055.025355077,0.0474,0.48
92011,5596953.224744879,0.0457,0.8766666666666666
91040,5596619.738220419,0.0124,0.9166666666666666
93117,5592910.233657854,0.2656,0.9033333333333333
91042,5589598.461849597,0.0124,1.335
95820,5587967.357870629,0.0376,0.355
92240,5573583.519726314,0.0424,0.3916666666666666
90731,5559365.555042702,0.0132,0.34500000000000003
93907,5556679.2265015505,0.6505,1.3166666666666667
91706,5550235.407429409,0.0132,0.43
90035,5546374.006123046,0.0106,0.33166666666666667
95407,5541940.815692109,0.0586,0.4083333333333334
94595,5537041.516397921,0.0125,1.335
95677,5536894.627860645,0.0681,0.52
95650,5534402.1322295545,0.0681,1.515
91104,5531673.584469868,0.0124,0.39999999999999997
92860,5530449.318481623,0.1017,0.6016666666666667
95405,5529997.8401834285,0.0586,0.8333333333333334
95340,5529410.582290315,0.065,0.37666666666666665
94596,5529394.583600493,0.0125,1.0250000000000001
95121,5529338.13223231,0.0131,0.4116666666666666
95112,5505437.920787805,0.0131,0.33166666666666667
92507,5492147.045711623,0.1017,0.5366666666666666
93304,5486597.321994052,0.0609,0.37666666666666665
91401,5467568.837103146,0.0124,0.3516666666666666
90706,5464350.306575714,0.0132,0.385
90254,5455741.395332617,0.0106,0.4633333333333334
92704,5454011.323766788,0.0132,0.3466666666666667
92505,5443467.357942505,0.1017,0.35833333333333334
95503,5432915.910890643,0.0308,0.9433333333333334
92835,5422880.604464707,0.0132,0.43
93243,5418825.872344795,0.8041,1.9566666666666666
93953,5400283.434034712,0.0509,1.4966666666666668
91108,5399764.985498788,0.0124,0.3283333333333333
91352,5373905.916458754,0.0124,0.5599999999999999
92054,5365883.0304054255,0.0457,0.5483333333333333
92337,5360077.256710785,0.1017,0.4816666666666667
90601,5359111.625543874,0.0304,0.8033333333333333
90620,5352239.2185693495,0.0132,0.38999999999999996
95457,5349596.281591533,0.2223,1.6933333333333334
92008,5340892.343369484,0.0457,0.6883333333333334
94608,5331972.459500144,0.0125,0.2783333333333333
95212,5321850.3491047155,0.0256,0.24
91791,5312638.842839902,0.0132,0.79
90039,5309592.878279046,0.0124,0.4333333333333333
90048,5304236.453606164,0.0124,0.3666666666666667
94505,5273802.760232479,0.0256,0.5066666666666667
95383,5263353.996657374,0.0795,2.796666666666667
94580,5258275.205309045,0.0131,0.41500000000000004
95821,5247448.992293743,0.0376,0.3416666666666666
95050,5242005.54789264,0.0131,0.4716666666666667
94949,5241682.581149377,0.0125,1.1700000000000002
90745,5222905.197811193,0.0132,0.34833333333333333
93905,5212014.252278894,0.0192,0.4366666666666667
91770,5207256.936765023,0.0132,0.385
93555,5184327.055891569,0.0208,0.8233333333333333
95128,5183000.007666453,0.0131,0.355
95618,5177939.09686292,0.0376,0.405
94040,5177466.406619935,0.0131,0.41
90505,5166632.333348351,0.0106,0.405
91505,5128435.584126115,0.0124,0.37666666666666665
90605,5114651.1940448545,0.0132,0.5766666666666667
94132,5113059.224506594,0.0079,0.31
94542,5106721.6114452025,0.0131,1.1633333333333333
93637,5102483.098579011,0.065,0.35000000000000003
95833,5096853.839776906,0.0376,0.315
94589,5090678.620139757,0.0474,0.31
95135,5088385.339222076,0.0131,0.7216666666666667
92602,5079234.914581847,0.0148,0.8266666666666667
94019,5079030.953666556,0.0079,0.7566666666666667
93704,5052958.643386034,0.065,0.29833333333333334
92805,5047339.960113533,0.0132,0.3416666666666666
90405,5041154.814304554,0.0106,0.36999999999999994
94578,5035752.905068876,0.0131,0.36166666666666664
90034,5033199.018453689,0.0106,0.2966666666666667
93644,5020337.948052662,0.0796,2.125
91790,5008997.782065384,0.0132,0.38833333333333336
91935,5007653.887892447,0.1134,2.1333333333333333
92111,5003987.896815067,0.0084,0.7949999999999999
92587,4998431.696117454,0.1017,0.805
94517,4996187.812911005,0.3152,1.0666666666666667
95351,4995452.238854725,0.0256,0.24833333333333332
93924,4977554.72870874,0.1162,2.3316666666666666
95490,4966530.291744171,0.0854,1.5733333333333333
92344,4964216.015748985,0.1017,0.9416666666666668
95954,4962844.701851179,0.319,2.1733333333333333
95301,4948104.803495071,0.0256,0.365
90011,4930108.780240455,0.0106,0.34
95818,4929807.349299579,0.0376,0.32166666666666666
96137,4917571.583993801,0.2238,2.4433333333333334
94124,4916858.94838497,0.0079,0.3016666666666667
91105,4916581.160353028,0.0124,1.1933333333333334
95819,4914971.8872712795,0.0376,0.355
92382,4898718.140385761,0.7037,2.38
93110,4889136.349407181,0.0354,1.0533333333333335
95631,4859089.813035937,0.112,2.265
91324,4858041.226031462,0.0124,0.37999999999999995
92780,4847125.908073215,0.0132,0.3983333333333334
91377,4840989.415273516,0.0415,0.8716666666666667
94564,4828507.178840853,0.0125,0.5116666666666667
93004,4815522.22706985,0.0427,0.4633333333333334
90640,4814350.046417305,0.0132,0.38000000000000006
95380,4805692.795005302,0.0256,0.35833333333333334
95363,4769284.676688022,0.1859,0.37166666666666665
90503,4763811.7427436,0.0106,0.44333333333333336
95330,4758446.930578339,0.0256,0.315
92782,4726002.171594916,0.0132,0.4533333333333333
92104,4723635.265599453,0.0084,0.48166666666666663
91504,4722877.483292087,0.0124,0.6716666666666667
95210,4720432.0269216765,0.0256,0.36166666666666664
95391,4720050.875988209,0.0256,0.32666666666666666
94401,4716424.426865447,0.0079,0.33666666666666667
90025,4711949.162924587,0.0106,0.37666666666666665
93103,4703580.427019853,0.0128,1.0633333333333332
90746,4651810.516551044,0.0132,0.3633333333333333
93036,4642909.970338801,0.9463,0.3666666666666667
90807,4637162.293715648,0.0132,0.34
91764,4633312.333492665,0.1017,0.37833333333333335
95126,4627452.956076578,0.0131,0.30333333333333334
91607,4626275.213963108,0.0124,0.36333333333333334
92394,4620489.231774854,0.0208,0.43333333333333335
92116,4610492.893798929,0.0084,0.8316666666666667
93726,4600369.856783075,0.065,0.325
94597,4591782.672848522,0.0125,1.035
95122,4581535.582826666,0.0131,0.325
92081,4579953.193942348,0.0457,0.7066666666666667
90016,4568163.952136958,0.0106,0.2916666666666667
95722,4562821.856532504,0.0681,2.2183333333333333
93664,4541532.49574853,0.065,2.9
93534,4529697.520284458,0.1316,0.41333333333333333
91030,4507740.825132544,0.0124,0.8533333333333334
95834,4498769.935293116,0.0376,0.29333333333333333
90220,4490143.852076619,0.0132,0.40166666666666667
91605,4489981.007722215,0.0124,0.425
94703,4485097.585418344,0.0125,0.4283333333333333
90604,4482476.406514668,0.0132,0.3983333333333334
94503,4473917.669305275,0.5959,0.3433333333333333
92243,4469478.885316451,0.0316,0.4000000000000001
95838,4452466.82750783,0.0376,0.34833333333333333
91767,4451261.919071416,0.0132,0.41500000000000004
91103,4450449.826165166,0.0124,0.6533333333333333
92119,4442182.989695995,0.0457,0.9583333333333334
93950,4441534.693770122,0.0509,0.5716666666666667
94603,4432616.231027792,0.0125,0.3383333333333334
93265,4423185.863613185,0.2592,1.6116666666666666
93705,4422022.634345095,0.065,0.3116666666666667
91915,4417416.8301090365,0.0084,0.5416666666666666
94609,4412521.480557888,0.0125,0.37000000000000005
95437,4408000.298903454,0.0373,1.2333333333333334
94965,4401153.795386034,0.0125,0.9283333333333333
91914,4398084.978573589,0.0754,1.0883333333333334
93901,4394181.964827814,0.0192,0.38999999999999996
92105,4394060.918620186,0.0084,0.44166666666666665
91780,4382936.203134452,0.0124,0.5483333333333333
92101,4371520.822029645,0.0084,0.4066666666666667
95531,4348571.637434953,0.0308,1.1849999999999998
93612,4343523.846857339,0.065,0.325
92371,4334471.021417524,0.1316,0.9166666666666666
92124,4328142.060013546,0.0457,1.165
91902,4323804.726784952,0.0084,1.105
95965,4317091.616970626,0.4151,0.8616666666666667
92840,4311138.3007103335,0.0132,0.37666666666666665
94519,4307259.039160601,0.0474,0.4716666666666667
95073,4260043.528837302,0.0509,1.3766666666666667
91724,4234359.325304524,0.0132,0.8083333333333332
90041,4225624.943204479,0.0124,0.615
92301,4223708.928870281,0.0208,0.6966666666666667
94702,4191014.6843586746,0.0125,0.3233333333333333
95348,4182658.8701813775,0.0256,0.3283333333333333
93111,4175832.5504797157,0.0128,1.0433333333333332
93444,4160806.6245503514,0.629,0.9166666666666666
90292,4156289.958150061,0.0106,0.385
93245,4155635.6990205008,0.0522,0.32
92585,4154019.895417114,0.1017,0.5116666666666666
91106,4153706.0324619017,0.0124,0.445
95776,4147969.746917998,0.0376,0.3766666666666667
93454,4146932.4603216667,0.4867,0.8033333333333333
90241,4144857.269909453,0.0132,0.34833333333333333
91942,4144759.7090936657,0.0457,0.47
95367,4142793.720790365,0.0256,0.4266666666666667
91801,4142355.127134568,0.0124,0.34500000000000003
90018,4142054.690808581,0.0106,0.29333333333333333
90740,4141051.994080082,0.0132,0.45999999999999996
90501,4128299.6819384713,0.0106,0.37999999999999995
91202,4116982.4280879414,0.0124,0.6816666666666666
95969,4104921.969500238,0.2238,1.8133333333333332
90008,4087512.6101520224,0.0106,0.3233333333333333
90003,4082298.5664540012,0.0106,0.385
90230,4082280.62792468,0.0106,0.34
95131,4079622.0712389345,0.0131,0.3116666666666667
94579,4062082.040679588,0.0131,0.35833333333333334
94706,4061125.0060241967,0.0125,0.4366666666666667
90712,4041168.3654757906,0.0132,0.48333333333333334
94606,4038869.8429512717,0.0125,0.35000000000000003
92106,4036077.88801355,0.0084,0.4116666666666666
93730,4028995.7151790704,0.065,0.32166666666666666
93636,4027896.263640644,0.065,0.6666666666666666
95842,4027245.2212723517,0.0376,0.315
95116,4003864.739619374,0.0131,0.33166666666666667
93675,4001270.5457239235,0.2395,1.6183333333333332
93955,3992075.050589476,0.0509,0.48
92107,3988999.717546747,0.0084,0.3766666666666667
92707,3988849.1880520806,0.0132,0.38000000000000006
93458,3987224.9676424423,0.0269,0.455
95519,3971323.2665983797,0.0308,0.59
94520,3969270.233431283,0.0474,0.3733333333333333
91602,3959016.97432204,0.0124,0.4533333333333333
93013,3950709.17223417,0.0128,0.8216666666666667
92586,3944236.1119218655,0.1017,0.445
92543,3922272.731580947,0.1017,0.4383333333333333
95453,3917035.0694677033,0.3704,1.1066666666666667
92118,3913516.650920584,0.0084,0.4566666666666666
92551,3907444.611553868,0.1017,0.4183333333333333
95205,3892674.5322189955,0.0256,0.2833333333333333
94801,3869290.576465026,0.0125,0.3166666666666667
94043,3857659.8570876997,0.0131,0.38166666666666665
91950,3853970.4109779485,0.0084,0.42
94930,3853533.377808516,0.0125,2.0
95660,3852812.844535555,0.0376,0.37833333333333335
90201,3849011.8954364415,0.0132,0.41
93215,3831913.9028000096,0.0648,0.43333333333333335
95620,3831649.714502023,0.0586,0.36333333333333334
92831,3827547.4894803264,0.0132,0.5116666666666667
90720,3819658.061999873,0.0132,0.42333333333333334
95247,3817161.9621995934,0.112,2.0766666666666667
91732,3813934.9329986107,0.0132,0.4416666666666667
95354,3813198.822885778,0.0256,0.36166666666666664
95358,3791382.188896645,0.0256,0.28833333333333333
95366,3791301.2884692107,0.0256,0.4766666666666666
95422,3790953.292218957,0.0766,1.1083333333333334
91402,3789403.7731003067,0.0124,0.49833333333333335
91606,3787925.586508232,0.0124,0.3333333333333333
90713,3783740.505602193,0.0132,0.2733333333333334
95501,3779921.010984387,0.0308,0.61
94621,3778908.8525679107,0.0125,0.38166666666666665
91207,3770428.6612485237,0.0124,0.8333333333333334
93305,3757207.3735092743,0.0609,0.38000000000000006
90262,3745071.0158645264,0.0132,0.41500000000000004
91024,3744388.0944105145,0.0124,1.17
95423,3730645.0118389246,0.5156,1.0183333333333333
93654,3721274.9853783296,0.6786,0.5083333333333333
90032,3706824.7725416445,0.0124,0.52
93510,3696061.1491187154,0.1483,1.8
93702,3690310.975359858,0.065,0.2816666666666667
91405,3673300.0570617197,0.0124,0.41333333333333333
92010,3667898.018619394,0.0457,0.9550000000000001
92801,3664935.794810256,0.0132,0.3383333333333334
92311,3658068.1001599003,0.0143,0.4566666666666667
90744,3640431.370105384,0.0132,0.3416666666666666
92083,3626868.015925361,0.0457,0.43333333333333335
91722,3623614.097841018,0.0132,0.395
93710,3623144.0578641584,0.065,0.3233333333333333
90403,3621774.5784084126,0.0106,0.43
92583,3621361.5441460237,0.1535,0.4183333333333333
94805,3618229.475637233,0.0125,0.6733333333333333
94133,3606546.3406645167,0.0125,0.38666666666666666
96088,3583570.7689208454,0.0372,1.9916666666666665
92604,3581161.303646285,0.0132,0.3916666666666666
94925,3570454.8860462345,0.0125,1.0916666666666666
90221,3531773.5510363495,0.0132,0.3733333333333333
93933,3525959.0560771143,0.0509,0.5433333333333333
94502,3515755.3767749,0.0125,0.41500000000000004
92377,3501558.7573041893,0.1017,0.37666666666666665
91501,3494843.0645336523,0.0124,0.7966666666666667
95709,3485395.547285602,0.0319,2.0383333333333336
92139,3481582.0077194697,0.0084,0.5083333333333334
93402,3480753.2217929135,0.0269,0.9866666666666667
90603,3476087.3663280136,0.0132,0.6833333333333332
95018,3458302.858141303,0.0509,1.835
91775,3452612.23042705,0.0124,0.56
95133,3451516.584906588,0.0131,0.30833333333333335
90037,3446548.0827601636,0.0106,0.3333333333333333
92806,3440597.572666605,0.0132,0.3833333333333333
92610,3429471.276817945,0.1017,0.7716666666666666
93662,3426439.7494736044,0.065,0.505
93405,3415295.8456913256,0.1867,1.07
91763,3404369.139864375,0.1017,0.37166666666666665
93101,3404296.142768729,0.0128,0.5650000000000001
90255,3388372.1618093834,0.0106,0.35833333333333334
92075,3386425.4381042565,0.0457,0.65
92397,3379901.736765773,0.1316,2.5183333333333335
92236,3376410.147656105,0.0424,0.36166666666666664
90504,3356298.6647607978,0.0106,0.4083333333333334
95521,3348642.5224106754,0.0308,0.8516666666666667
94515,3348559.109007418,0.0831,1.33
93703,3344107.4906765996,0.065,0.24833333333333332
92405,3341799.895688182,0.1017,0.59
96146,3328932.4847071883,0.0794,2.026666666666667
96067,3328148.1105470774,0.05,1.7816666666666665
90732,3323574.8748787465,0.0132,0.4816666666666667
90242,3322903.447393724,0.0132,0.33666666666666667
95665,3313355.4003028874,0.0376,2.4966666666666666
90240,3295455.9260131135,0.0132,0.34500000000000003
90022,3289799.5627130545,0.0132,0.395
92231,3288165.586175806,0.0316,0.4033333333333333
95742,3285124.6574224727,0.0874,0.41
91601,3280258.348220537,0.0124,0.315
95642,3278236.287507214,0.0661,1.5983333333333334
95117,3276216.222919527,0.0131,0.40166666666666667
95228,3272925.573827828,0.2033,1.7933333333333332
92102,3250838.3953959486,0.0084,0.4216666666666667
92706,3245987.100475487,0.0132,0.3133333333333333
95658,3242604.5895119063,0.0681,1.4349999999999998
92703,3201058.917499654,0.0132,0.3433333333333333
91754,3191144.614543733,0.0132,0.3416666666666666
93428,3153584.927252319,0.1212,1.735
91792,3153584.484062047,0.0132,0.5216666666666666
90606,3149158.3543529427,0.0132,0.37666666666666665
95816,3146014.0720322365,0.0376,0.3333333333333333
90247,3142464.5303306356,0.0106,0.3666666666666667
91506,3137637.223483464,0.0124,0.5816666666666667
92123,3133235.0422055107,0.0457,0.615
93706,3129237.766818468,0.065,0.25833333333333336
90810,3123094.704216252,0.0132,0.41
91740,3122539.275122251,0.0132,0.5416666666666666
92316,3120343.9760946427,0.1017,0.48
94063,3097453.051679328,0.0079,0.3233333333333333
92410,3095508.279832089,0.1017,0.4283333333333334
96140,3093152.9079872584,0.0794,1.7416666666666665
93514,3089452.0374043887,0.0774,0.8983333333333334
93560,3079933.948654208,0.1316,0.6283333333333333
91010,3077755.7235499322,0.0124,0.625
92110,3066369.197717443,0.0084,0.6699999999999999
90063,3059856.2792795687,0.0106,0.35666666666666663
93449,3057359.4072285555,0.3171,0.815
90062,3051344.8773466134,0.0106,0.3866666666666667
93501,3048914.052837402,0.0403,0.7983333333333333
93109,3040202.8244030443,0.0128,0.7783333333333333
96019,3038761.7494352045,0.05,1.2783333333333333
94571,3038693.6426902683,0.0474,0.25666666666666665
92354,3035545.967918851,0.1017,0.6166666666666667
90002,3010364.1848908174,0.0106,0.40166666666666667
94607,3009773.4689108343,0.0125,0.3216666666666667
95827,2998317.4595722784,0.0376,0.39999999999999997
91945,2994735.002806618,0.0084,0.4383333333333333
94103,2988254.311052555,0.0125,0.2966666666666667
90806,2988127.6147850933,0.0132,0.4683333333333333
96142,2976789.152575084,0.0794,2.1783333333333332
93442,2962544.619879965,0.1315,0.7566666666666667
92539,2954915.849327569,0.4061,1.7583333333333335
92582,2952660.3972807173,0.1139,0.35000000000000003
95215,2950405.153241429,0.0256,0.30666666666666664
90001,2938227.335407682,0.0106,0.22666666666666666
95971,2933152.824437736,0.0823,1.8983333333333334
94939,2917500.4841742376,0.0125,1.1500000000000001
95684,2912695.120825626,0.0681,2.901666666666667
95304,2895656.71474366,0.0256,0.31166666666666665
96064,2883213.974690291,0.9404,0.965
90212,2874639.31785117,0.0106,0.4066666666666667
92614,2874020.935760086,0.0132,0.3933333333333333
95685,2867833.558313068,0.0376,1.57
92277,2866013.7699704934,0.0424,0.585
91340,2864737.196154583,0.0124,0.4716666666666667
91803,2853214.051393037,0.0124,0.34500000000000003
95065,2847963.138431513,0.0509,1.3966666666666667
95640,2842364.705064225,0.0427,1.0566666666666666
95825,2831209.179131817,0.0376,0.28833333333333333
92865,2831043.296486889,0.0132,0.44333333333333336
95824,2816968.2290886547,0.0376,0.26166666666666666
95005,2812770.8849194124,0.0509,1.9083333333333332
95467,2808556.217098271,0.0586,1.9266666666666667
95540,2807432.562250449,0.0308,0.8966666666666666
92861,2806837.845465493,0.0132,0.6533333333333333
92841,2800284.5107608074,0.0132,0.36833333333333335
91746,2796996.922358685,0.0132,0.445
93015,2787840.045034348,0.2535,0.7766666666666667
94089,2780807.6420203615,0.0131,0.31333333333333335
95672,2778348.343398066,0.0681,1.8433333333333335
93618,2772631.0213535735,0.065,0.375
92251,2764716.581944332,0.0316,0.4116666666666666
95341,2764667.0124852373,0.1186,0.34833333333333333
90723,2763211.0068413583,0.0132,0.38833333333333336
95222,2760749.9897538656,0.1862,1.84
90602,2758617.335028593,0.0132,0.6783333333333333
91768,2756614.6209265515,0.0132,0.43500000000000005
96097,2742320.061984988,0.7467,1.2433333333333334
90260,2739719.076407913,0.0106,0.4816666666666667
90710,2734390.6696962123,0.0132,0.38833333333333336
93465,2732315.3670388274,0.134,0.995
94065,2731987.4061030853,0.0079,0.285
91201,2713010.67838382,0.0124,0.49
90059,2709695.454307343,0.0106,0.385
92843,2705276.2095564986,0.0132,0.37333333333333335
92612,2692012.920078327,0.0358,0.4383333333333333
90020,2683537.414035678,0.0124,0.365
90802,2679887.4166704956,0.0132,0.38000000000000006
95614,2679159.380630293,0.1013,2.026666666666667
93631,2678346.508933156,0.065,0.4633333333333333
90031,2673344.2221671804,0.0124,0.5883333333333334
93225,2670429.5327942534,0.0847,2.0333333333333337
92007,2670239.627210304,0.0457,0.645
90621,2666761.864759782,0.0132,0.44166666666666665
95693,2656826.3774839994,0.0774,0.44333333333333336
92225,2653570.548867326,0.031,0.6033333333333334
91776,2647772.909372863,0.0124,0.3416666666666666
95054,2645820.0521521773,0.0131,0.24833333333333332
92113,2632292.931244624,0.0084,0.42
95815,2630898.306084829,0.0376,0.20666666666666667
90245,2619443.1004575985,0.0106,0.4116666666666666
95446,2618369.215349674,0.052,1.9633333333333332
95673,2611639.583101669,0.0376,0.3016666666666667
96094,2608105.665878341,0.0485,1.7033333333333331
90293,2591102.2945760223,0.0106,0.39999999999999997
92386,2574304.7280517602,0.1017,2.131666666666667
96143,2573788.776989766,0.0794,1.875
92501,2567458.794083778,0.1017,0.5733333333333334
95130,2561308.92036497,0.0131,0.365
95963,2560179.9885531478,0.0699,0.49333333333333335
90814,2548622.783732471,0.0132,0.3666666666666667
92058,2537565.9840325247,0.0445,0.7166666666666667
95683,2529109.2333946563,0.4037,0.7216666666666667
96021,2521993.4223930677,0.1833,0.7083333333333334
91345,2506895.9678227636,0.0124,0.36333333333333334
94105,2495569.6987889414,0.0125,0.4183333333333333
93725,2487917.484681694,0.065,0.25
96101,2487843.1322198976,0.107,0.9383333333333334
95623,2484033.0401132614,0.3378,2.0366666666666666
92252,2478951.9156027236,0.0424,1.2883333333333333
90249,2474699.4235969274,0.0106,0.36833333333333335
92802,2470743.5891565597,0.0132,0.38166666666666665
95368,2466460.74164154,0.0256,0.4066666666666667
92320,2466199.5791984443,0.0456,1.4166666666666667
93268,2457204.208165574,0.0609,0.5766666666666667
90717,2440982.240057297,0.0132,0.4083333333333334
90305,2427636.168182313,0.0106,0.31833333333333336
96020,2421234.0540676415,0.2238,1.6766666666666667
92606,2418848.734195172,0.0132,0.36166666666666664
90232,2417528.3916695607,0.0106,0.3066666666666667
96103,2409167.277668361,0.0794,2.3850000000000002
93610,2406731.4572667787,0.065,0.4266666666666667
95542,2400476.3251571706,0.0308,2.1316666666666664
90804,2393717.728210836,0.0132,0.32
96051,2389485.315764253,0.1301,1.9766666666666666
93263,2388254.927869982,0.0609,0.315
95817,2385837.4182554265,0.0376,0.30333333333333334
95841,2379433.7494945317,0.0376,0.35333333333333333
91733,2364534.960296543,0.0132,0.37999999999999995
93460,2357470.2357780584,0.3675,1.1766666666666667
93630,2330465.3181757466,0.065,0.3066666666666667
95010,2330109.1579947355,0.0509,0.395
96073,2322226.9403646085,0.0951,1.29
95633,2312283.548528648,0.5014,2.311666666666667
90056,2307076.1506741648,0.0106,0.32166666666666666
94041,2302540.4279457564,0.0131,0.5283333333333333
90623,2296010.595343956,0.0132,0.3233333333333333
96141,2276908.2108823084,0.0794,1.8083333333333333
93643,2275584.469740562,0.4426,2.32
90222,2271110.6844624467,0.0132,0.32666666666666666
93222,2270470.831351495,0.0532,2.3066666666666666
91916,2267932.4937339225,0.072,2.3766666666666665
94957,2262753.0789156226,0.0125,1.1066666666666667
93463,2255131.2142383866,0.5384,0.7183333333333334
93960,2251794.7034813236,0.2587,0.49666666666666665
93921,2250574.1618576385,0.0509,1.3616666666666666
95327,2248653.3617589893,0.5626,1.7233333333333334
95119,2241862.725131307,0.0131,0.35833333333333334
92845,2241622.4289442077,0.0132,0.36833333333333335
93602,2232952.4192831744,0.0812,2.3783333333333334
94085,2229562.283074557,0.0131,0.29666666666666663
95436,2197409.634743276,0.0586,1.6016666666666666
92227,2194960.589093688,0.0522,0.47500000000000003
91755,2191762.35690969,0.0132,0.3383333333333334
90005,2175776.917947357,0.0106,0.3016666666666667
93505,2171973.153719488,0.0208,0.6849999999999999
93723,2165513.974531008,0.065,0.3
95320,2160138.5291762794,0.0256,0.3566666666666667
95634,2157397.9678830635,0.0681,2.33
93221,2139105.685770133,0.0522,0.58
92091,2137170.728804024,0.0457,1.1216666666666668
92637,2136075.019523789,0.0132,0.6033333333333334
92701,2134851.987714813,0.0132,0.4566666666666667
91932,2129694.176216275,0.0084,0.39166666666666666
95203,2129147.4052499966,0.0256,0.34500000000000003
91411,2117674.2426850195,0.0124,0.32666666666666666
90211,2112326.494287424,0.0106,0.35333333333333333
92832,2111182.980624497,0.0132,0.3116666666666667
93728,2106643.2026981683,0.065,0.345
96122,2104611.9432555414,0.5638,1.8499999999999999
95497,2087117.76693955,0.052,1.3933333333333333
90813,2085055.2370835422,0.0132,0.285
93543,2076829.4850843118,0.2329,1.0450000000000002
93041,2069369.9379559057,0.6551,0.40166666666666667
95442,2052915.4543298695,0.0586,1.75
91205,2050608.6469818132,0.0124,0.375
92624,2046875.1660720832,0.0132,0.5183333333333333
93280,2043855.7795403483,0.1807,0.43333333333333335
93210,2036447.7633403307,0.7222,0.68
93930,2029128.069044335,0.0606,0.6683333333333333
92590,2028135.0760066896,0.1017,2.0816666666666666
93285,2027664.713699311,0.0573,1.9333333333333333
92661,2019979.629778184,0.0132,0.4066666666666667
90301,2003261.7292585191,0.0106,0.29833333333333334
95694,2002924.959610215,0.4475,0.6233333333333334
90302,2000936.0900003624,0.0106,0.29833333333333334
95977,2000006.6904722888,0.6093,1.8116666666666665
95110,1999603.2163415295,0.0131,0.2583333333333333
95357,1995467.9439889467,0.0256,0.30833333333333335
96032,1988933.3282918346,0.9005,1.4683333333333335
92003,1985635.2408515313,0.0457,1.4283333333333335
92108,1979439.505761966,0.0084,0.8016666666666666
90023,1973902.5216262534,0.0106,0.21999999999999997
95728,1966685.051844258,0.0794,1.9283333333333335
92411,1966588.5066374706,0.1017,0.35000000000000003
93433,1952034.1907455185,0.0269,0.5633333333333334
90680,1928035.8022676788,0.0132,0.38999999999999996
94931,1912520.1973840704,0.1397,0.4816666666666667
95360,1912136.3697335275,0.1189,0.5116666666666666
93240,1903794.6141815616,0.1429,1.0333333333333334
95046,1900609.0175235695,0.0192,0.5650000000000001
92313,1899122.2957265335,0.1017,0.5266666666666667
93604,1878270.9106456388,0.065,2.348333333333333
93451,1877938.774679452,0.7336,0.9966666666666666
91978,1871309.4346020631,0.0084,1.1933333333333334
93927,1869604.980459005,0.0192,0.6716666666666667
96120,1865213.7390744875,0.4355,2.1266666666666665
90303,1865032.9271198364,0.0106,0.49499999999999994
92866,1861661.6179447041,0.0132,0.48
95948,1850733.0962907467,0.0598,0.43333333333333335
90006,1850361.6170468712,0.0106,0.2783333333333333
90061,1850291.4473000758,0.0106,0.35833333333333334
92241,1820366.257786376,0.0424,0.34
91708,1809621.3580264756,0.1017,0.34833333333333333
95334,1809221.007494553,0.0256,0.4366666666666667
92868,1808586.9040557558,0.0132,0.38833333333333336
92391,1798339.2727697536,0.1017,2.921666666666667
90033,1798212.5696224326,0.0106,0.32
91723,1797297.5459032627,0.0132,0.5316666666666666
92372,1796169.417255712,0.1316,1.32
94709,1790883.0678530752,0.0125,0.6066666666666667
90007,1771900.149429,0.0106,0.27999999999999997
94102,1769657.967915996,0.0125,0.3033333333333333
91303,1761705.9916826896,0.0124,0.28833333333333333
94572,1755107.36726974,0.0125,0.25666666666666665
95445,1754486.4503378288,0.052,2.3583333333333334
92567,1746013.602317773,0.1017,0.7833333333333333
94937,1736629.2453062634,0.1202,1.6183333333333334
93247,1730871.4157793294,0.0522,0.4166666666666667
90404,1729086.1775588393,0.0106,0.365
90502,1723767.1357634582,0.0132,0.3466666666666667
92342,1721904.9356362824,0.0208,0.5466666666666666
96114,1714302.3317873972,0.0524,1.695
95460,1702839.2583873374,0.0373,1.6666666666666667
95619,1693851.0476481526,0.0725,1.8183333333333334
95346,1684195.197709237,0.0256,2.546666666666667
95220,1683943.1418043158,0.0256,0.41333333333333333
95379,1680681.4889260815,0.0256,1.9666666666666668
93203,1679583.664771092,0.2068,0.39999999999999997
91731,1651906.4115490615,0.0132,0.3983333333333334
95605,1628410.5495162439,0.0376,0.3383333333333334
95461,1623880.585088419,0.0983,1.6366666666666667
90029,1620959.2112671495,0.0124,0.36833333333333335
95942,1618914.4256623415,0.2238,2.1283333333333334
90670,1610591.8531783742,0.0132,0.365
90701,1607264.832454624,0.0132,0.405
94704,1596550.9128772032,0.0125,0.7766666666666667
92536,1591137.3217815526,0.1017,1.7333333333333334
90715,1589417.522940186,0.0132,0.36999999999999994
92676,1587682.3171426211,0.5677,2.493333333333333
95953,1585503.52863861,0.1464,0.395
94951,1584775.963208672,0.1022,0.7366666666666667
92359,1580440.3113655772,0.0839,1.2216666666666667
90015,1566077.2685521673,0.0106,0.3116666666666667
93022,1565959.7939184944,0.0121,1.205
95315,1555955.7169394216,0.0256,0.25166666666666665
96148,1555731.4365549986,0.0794,2.1750000000000003
95326,1546534.1473246845,0.0256,0.27166666666666667
92823,1544976.1902981005,0.0132,1.26
93301,1542818.8978442221,0.0609,0.38833333333333336
90038,1530093.188517027,0.0124,0.30166666666666664
96093,1525300.6322601174,0.05,1.9566666666666668
92274,1524708.7088514732,0.5689,0.355
90304,1505455.096361299,0.0106,0.29333333333333333
92844,1498218.4931513723,0.0132,0.37333333333333335
92173,1496327.9948578659,0.0084,0.5499999999999999
92662,1480320.7363633655,0.0132,0.38666666666666666
95004,1478002.6245904025,0.0192,1.4383333333333332
90067,1464511.787185358,0.0106,0.5650000000000001
95689,1459443.4156677567,0.0376,2.1083333333333334
94508,1457620.879106438,0.0971,2.0316666666666667
95335,1456525.8932080732,0.0626,2.0749999999999997
95249,1434971.2442752798,0.0256,1.7533333333333332
93518,1432656.1266841514,0.4655,1.6900000000000002
95139,1423334.339031901,0.0131,0.435
92363,1419582.3063672378,0.031,0.35000000000000003
95988,1407577.7732161554,0.1315,0.3916666666666666
93426,1399367.5723368854,0.8826,2.1166666666666667
96013,1398397.9033087732,0.1146,1.7566666666666666
90028,1396062.9794437033,0.0124,0.34
90094,1385159.355415116,0.0106,0.38833333333333336
95255,1378596.3602705982,0.0256,2.2333333333333334
92276,1372285.8716019075,0.0424,0.31333333333333335
95386,1367990.7534635235,0.0537,0.325
95045,1362157.5221869827,0.0689,1.25
95832,1361748.4287310797,0.0376,0.22666666666666668
95388,1353077.2373688677,0.0256,0.27166666666666667
92333,1338628.5620924116,0.1017,2.27
93212,1338012.3733009174,0.0522,0.29
92250,1336742.3743602026,0.0316,0.5083333333333333
94005,1327577.665786142,0.0591,0.985
95322,1326493.7852624473,0.0192,0.53
91101,1318127.111347035,0.0124,0.4066666666666667
95636,1315330.6646398257,0.0681,2.391666666666667
90755,1311861.5108047922,0.0132,0.36833333333333335
93283,1311753.3440072206,0.0544,1.0733333333333335
94710,1284331.7020453496,0.0125,0.48
95329,1282173.0285404623,0.2992,2.0666666666666664
93430,1280543.3225998743,0.4633,0.855
92004,1274306.9346390984,0.0316,0.5266666666666667
93737,1273986.2858110925,0.065,0.3116666666666667
93648,1272136.049303434,0.065,0.5083333333333333
95918,1267187.0117427234,0.6427,1.8033333333333335
93532,1261812.6430728922,0.0704,2.04
95311,1256180.9704717232,0.605,2.138333333333333
95919,1255492.141354493,0.0598,2.3166666666666664
92561,1249063.553391215,0.1236,1.7783333333333333
95947,1248736.3764571615,0.1097,1.74
95012,1244539.7023264605,0.0192,0.7933333333333333
95134,1231594.223273438,0.0131,0.26166666666666666
94037,1230827.7404101766,0.0079,1.1183333333333334
93601,1223501.5118819666,0.065,2.3916666666666666
94018,1222339.144126512,0.0079,0.42
93620,1221422.5813397998,0.065,0.2966666666666667
95245,1217312.7763117421,0.0256,1.8866666666666667
90270,1214035.7606184783,0.0106,0.42
93271,1185941.0675648407,0.3193,2.2133333333333334
95664,1182189.9942000895,0.6758,1.9816666666666667
94923,1175948.0606969458,0.052,1.0733333333333335
95975,1170753.2352337737,0.0681,2.3233333333333333
93250,1167995.4728749974,0.2848,0.35833333333333334
90012,1161822.8010332407,0.0124,0.6
92341,1161704.964986092,0.1017,1.9433333333333334
91962,1157497.8268210161,0.0457,2.368333333333333
93625,1153837.1985857482,0.065,0.38000000000000006
95663,1147117.5368002297,0.0325,1.6733333333333331
93432,1144573.6245711092,0.5513,1.4483333333333333
92548,1140903.1026957498,0.1017,0.9033333333333333
95458,1138480.4896564905,0.0586,1.4000000000000001
95932,1137036.7162317536,0.0598,0.34
91906,1136945.4657433473,0.059,1.9366666666666668
94528,1130806.6740816243,0.0131,1.4816666666666667
95426,1125874.4134983155,0.0586,1.9799999999999998
95626,1121817.2970086588,0.1168,0.33499999999999996
95669,1118671.2394021607,0.4513,1.2566666666666666
96035,1116581.7633686531,0.0373,0.4383333333333333
95703,1114775.4706936106,0.0681,2.1183333333333336
94612,1108141.0768693897,0.0125,0.435
92121,1105164.2698966137,0.0457,1.26
96025,1104701.331347051,0.0421,2.1616666666666666
93667,1101309.4557211152,0.7477,1.9416666666666667
92356,1090745.59134374,0.1622,0.6916666666666668
95316,1086117.1877262387,0.0256,0.35666666666666663
93926,1084197.2743152322,0.1625,0.3216666666666667
95421,1083235.8591244156,0.052,1.8366666666666667
95246,1082670.954953514,0.0537,2.4116666666666666
93626,1081724.8075387122,0.0676,1.4000000000000001
92256,1075221.0922795415,0.0424,1.1283333333333332
90248,1066746.9141723313,0.0106,0.3516666666666666
91008,1064026.9282431956,0.0124,1.4366666666666668
95452,1062365.5541476363,0.0586,1.105
95454,1061634.126240415,0.0373,2.033333333333333
95310,1059824.5318846856,0.0256,2.4883333333333333
93640,1059431.0501445846,0.0522,0.24833333333333332
96091,1055975.2052330738,0.1437,3.025
94525,1055544.7218658838,0.0474,0.7616666666666667
93066,1046657.3410317829,0.1497,0.8733333333333334
93427,1041078.2796657895,0.2915,0.6733333333333333
95938,1031160.2119596882,0.0452,0.5650000000000001
93445,1027853.3643177394,0.0269,0.49499999999999994
93286,1001082.5786007736,0.065,0.7433333333333333
95372,996302.1921846485,0.0256,2.055
93241,990158.1450130423,0.0609,0.20666666666666667
95570,987561.1751202061,0.0308,1.1583333333333334
93591,985354.1428709539,0.1316,0.8850000000000001
96057,980126.3212408549,0.0703,1.5933333333333335
93529,975879.5157170461,0.0862,2.5116666666666667
93651,969566.3812876146,0.1186,1.7383333333333333
94020,964655.8732846164,0.0079,1.7933333333333332
93238,964101.2326503401,0.4076,1.6533333333333333
94305,952343.1324803706,0.0131,1.2866666666666666
95701,948008.4274827967,0.0681,2.2883333333333336
94108,945765.6023326769,0.0125,0.38999999999999996
92617,942347.5673320811,0.0132,0.3383333333333334
93453,940803.5858015438,0.769,1.8499999999999999
92408,939453.9456481406,0.1017,0.4916666666666667
95465,934452.8931828574,0.0513,1.8833333333333335
92322,931391.0269998005,0.1017,2.7133333333333334
95258,929218.6363062155,0.0256,0.44333333333333336
93223,918579.7188981569,0.0522,0.3383333333333334
95629,916433.1822605706,0.0376,2.0216666666666665
93622,911961.2325319691,0.0918,0.25666666666666665
94973,899981.5414019572,0.052,1.6666666666666667
90704,899572.112912402,0.0442,1.86
96052,898132.3850386959,0.05,2.015
96041,896891.2788248223,0.05,1.8416666666666666
95324,895334.8921466818,0.0256,0.3
92339,893430.9959589096,0.0712,3.0583333333333336
93513,886183.0158686528,0.1175,0.695
95635,882781.680158862,0.0721,2.4499999999999997
94599,880376.2503217488,0.0586,0.5683333333333334
95692,879043.961906835,0.0725,0.5966666666666667
94038,878947.1651995989,0.0079,0.41333333333333333
91203,876868.3409253457,0.0124,0.35333333333333333
95389,875557.2742920747,0.3391,2.765
95485,863018.0325676643,0.0672,1.1883333333333332
92061,860231.8442198976,0.0811,1.656666666666667
93647,851808.9326932969,0.1174,0.52
95469,849361.5033767703,0.178,1.3466666666666667
95441,836559.0201973302,0.1831,1.3416666666666668
93920,836171.7817044415,0.2278,2.0283333333333333
96027,831978.6089095776,0.2396,1.3416666666666668
95987,831775.1974655535,0.5159,0.2916666666666667
95589,830577.9923879842,0.0308,1.8699999999999999
91020,828042.4409941764,0.0124,0.43500000000000005
95655,827037.6343094541,0.0376,0.21333333333333335
95236,825183.0034698104,0.1912,0.965
92285,823722.2941458835,0.0424,0.855
95462,821571.4990325223,0.052,1.615
94158,821334.002287188,0.0125,0.33666666666666667
92878,815735.847709616,0.1017,0.6083333333333334
96055,806419.0930195908,0.0373,0.4533333333333333
95573,804195.5837613014,0.0308,1.9566666666666668
93204,796891.5538432427,0.2276,0.25
92242,796537.4472536296,0.031,0.7633333333333333
90017,786441.7456533948,0.0106,0.25166666666666665
95464,771084.6281033134,0.0598,1.4466666666666665
96106,769285.432219187,0.0794,2.5816666666666666
90716,766256.4334232294,0.0132,0.42
95962,761313.8542644623,0.0598,2.106666666666667
95811,755135.6957797837,0.0376,0.3216666666666667
94970,751828.3447225958,0.052,1.1416666666666666
90040,750897.9397522185,0.0132,0.3516666666666666
95536,745422.7772371381,0.0308,1.0116666666666667
93646,742636.6383546749,0.065,0.44
96008,741330.0682099175,0.05,1.8083333333333333
95735,736787.046900431,0.0794,1.6449999999999998
93701,730769.3605168646,0.065,0.18500000000000003
94924,716706.558363356,0.052,0.6166666666666667
92086,712178.7806500364,0.0555,2.348333333333333
95912,711428.1106202626,0.0681,0.3866666666666667
95237,706550.1485703439,0.0256,0.3566666666666667
96024,703169.3658298638,0.2252,2.591666666666667
95375,695242.5545823392,0.0256,2.203333333333333
93434,689144.5342060265,0.0269,0.3933333333333333
93424,689125.4770259826,0.0269,1.425
95562,686514.2526384847,0.0308,0.8633333333333333
91204,677027.1943853081,0.0124,0.36333333333333334
92254,673472.1370511855,0.4505,0.3416666666666666
95456,671175.8593240125,0.0373,1.955
93205,669864.2982218633,0.0551,1.8733333333333333
95019,663671.1960154292,0.0192,0.4183333333333333
93527,661376.8602240691,0.0208,0.9416666666666668
95814,657583.239054144,0.0376,0.27666666666666667
96118,648006.4376704763,0.3034,1.2033333333333334
96028,641649.5138577841,0.0458,1.26
93219,639386.6592496048,0.1175,0.295
95646,635059.0679853348,0.0794,1.8583333333333334
96062,635009.4839391741,0.1783,1.6483333333333334
95917,633422.3678510942,0.0598,0.3383333333333333
95364,632048.2162354313,0.2183,1.93
95982,631593.40055719,0.3175,0.33499999999999996
91905,631344.7338326348,0.0557,1.8833333333333335
94956,623696.279859891,0.054,1.6049999999999998
94060,620971.1947808303,0.1393,0.9383333333333334
94586,619405.0613058447,0.0131,1.5650000000000002
94304,619109.4276814018,0.0131,1.2633333333333334
94511,618595.0854124335,0.0474,0.5016666666666666
94946,617231.5424207821,0.0592,1.27
92249,613893.1459390488,0.0316,0.3183333333333333
95916,613752.0940321098,0.0598,2.185
92305,609454.2576498376,0.1017,2.5566666666666666
93267,609381.0121013031,0.0609,0.41500000000000004
90013,603114.9663297893,0.0106,0.43
92655,600696.2717316437,0.0132,0.445
95410,599422.1322986691,0.0373,1.835
92321,599275.8775186959,0.1017,2.5433333333333334
96069,594262.7983169544,0.0923,2.033333333333333
95720,594173.2483039713,0.0475,2.395
92070,594168.1782790365,0.085,1.9333333333333333
96125,590134.8144594581,0.0794,2.1983333333333333
95560,587460.5316274738,0.0308,1.8616666666666666
95524,585039.9566338316,0.0308,1.21
95627,584972.9598797939,0.1157,0.3433333333333333
93656,583773.0273670643,0.0522,0.3333333333333333
95638,580174.0195475928,0.161,0.45166666666666666
96096,579915.1889347441,0.0615,2.3033333333333332
94111,570579.0539459191,0.0125,0.555
90401,561166.1119974136,0.0106,0.4183333333333333
95328,537971.6119281664,0.0256,0.28833333333333333
91917,530952.9215543199,0.077,1.8983333333333334
93653,530602.2443543104,0.0831,1.6033333333333335
95428,530564.3754494038,0.2435,1.055
93553,524787.9862180988,0.1316,1.095
93270,520314.07032868033,0.0609,0.4083333333333334
93202,517792.07981256157,0.0522,0.32666666666666666
96056,517430.58914506744,0.1162,1.2783333333333333
95567,512313.27119158214,0.144,1.0066666666666666
93609,504657.7116561696,0.0522,0.34500000000000003
96039,502706.1303675772,0.1989,2.0766666666666667
92365,500506.10859763296,0.0143,0.5016666666666666
93067,500384.34370424476,0.0128,0.6533333333333333
90057,494292.98688005237,0.0106,0.255
93517,491286.4817031151,0.2263,1.375
95306,488876.01770622394,0.065,1.505
95468,487597.8356781468,0.052,1.5599999999999998
95415,485723.1821367681,0.0586,1.365
93650,484629.6173166184,0.065,0.21666666666666667
95365,484131.74683490925,0.065,0.26666666666666666
95450,479632.9998037964,0.039,1.8566666666666665
93634,477923.7985299342,0.3318,2.52
95981,477412.2118441182,0.0598,1.8233333333333333
92268,476285.0655137456,0.0424,1.1733333333333333
96023,475902.19200266636,0.1544,0.8683333333333333
94933,469000.29311029066,0.052,1.8266666666666669
94567,460576.9872381917,0.4952,2.4250000000000003
95651,457438.4748362321,0.0681,1.9616666666666667
91502,456955.6014218399,0.0124,0.36166666666666664
95935,456546.3791329599,0.0598,2.06
94514,454429.257527335,0.0256,0.4466666666666666
93669,451470.8858813276,0.065,2.265
95960,449463.0946258224,0.0681,2.063333333333333
95525,448942.6460871625,0.0308,1.5483333333333331
95257,448335.8506191609,0.0256,2.2883333333333336
93441,447311.9395962344,0.0128,1.0416666666666667
95563,445311.03073830233,0.0525,2.475
94938,440383.161321638,0.0928,2.0216666666666665
92358,438221.14421329886,0.1017,2.3783333333333334
96048,435416.10921399784,0.0887,1.9366666666666668
95466,435089.9626008608,0.0586,2.1633333333333336
95251,434753.20026710065,0.0256,2.183333333333333
94963,428128.0190576886,0.052,1.8233333333333333
95641,424509.3622328219,0.0474,0.26666666666666666
95345,421824.7325716442,0.0295,2.21
93531,420626.1038292743,0.1351,2.6166666666666667
96044,415328.41536444257,0.556,1.3466666666666667
95543,414489.30504820915,0.144,1.915
95549,414363.63481579744,0.0308,1.7966666666666669
93544,413051.9539190619,0.1316,1.0016666666666667
96047,412298.2746545748,0.5173,1.8066666666666666
93255,411045.2902796521,0.0426,1.1716666666666666
92282,409610.43924926146,0.2417,0.9916666666666667
95956,406456.4968446933,0.0598,2.085
93260,400952.32957235974,0.0609,2.8349999999999995
93440,400357.99236803816,0.0928,0.7216666666666667
90742,398764.3084706934,0.0132,0.3733333333333333
90014,396088.68065152934,0.0106,0.27166666666666667
93234,394487.4696620978,0.0522,0.165
95233,393398.3845769035,0.0256,2.145
91759,392633.0957176598,0.0427,1.9466666666666665
95231,390209.89648363023,0.0256,0.33666666666666667
95449,384521.3438806455,0.0586,1.3783333333333332
95922,384086.8365152362,0.2174,2.263333333333333
95202,382866.3886906516,0.0256,0.19166666666666665
93545,382283.7348949523,0.1991,0.8450000000000001
95724,377857.3905049242,0.0794,2.216666666666667
93615,377130.3131268982,0.065,0.36000000000000004
93235,367227.7979224819,0.065,0.325
95983,366997.30972467357,0.114,1.5616666666666668
95714,366064.37340235454,0.0681,2.098333333333333
95254,365938.16175668745,0.0256,1.2583333333333333
93256,365306.7437195849,0.0609,0.4116666666666666
92317,363877.3455056776,0.1017,2.4966666666666666
95968,363823.8394202383,0.0598,0.33499999999999996
93660,358489.9195254206,0.0522,0.3066666666666667
95007,355312.95650272974,0.0509,1.6333333333333335
96109,351405.5010539364,0.3971,1.4816666666666667
95690,349732.56177980214,0.0376,0.43166666666666664
95459,347965.90167223377,0.052,2.0833333333333335
93207,344214.861199232,0.0609,2.2283333333333335
96059,343729.90411092,0.05,1.99
95951,341400.2705003692,0.2238,0.4166666666666667
95528,341381.4304505836,0.0308,1.6133333333333333
93040,337101.6005625233,0.294,1.0599999999999998
96061,333826.3817772666,0.0829,1.9016666666666666
96065,331429.33736940665,0.1283,2.0900000000000003
95225,330011.98058489535,0.0928,1.0316666666666665
95936,328128.7132738191,0.0598,2.215
95914,327569.7863604068,0.0598,1.6866666666666668
92385,327261.0328292353,0.1017,2.685
96124,325756.452733835,0.0794,2.3633333333333333
96087,321692.4325149974,0.05,1.6483333333333334
94929,315935.11552166875,0.052,1.1233333333333333
92230,312974.153977153,0.1017,0.8850000000000001
95547,308148.03509900236,0.0308,0.77
95333,306150.19070723327,0.065,0.38833333333333336
95553,305699.81089456176,0.0308,1.9116666666666668
92059,302526.1063594343,0.1129,2.015
95923,302385.6273987852,0.0598,1.9616666666666667
95224,301984.24263397907,0.0619,2.646666666666667
93628,301679.1175747897,0.065,1.7333333333333334
95721,300796.1600440019,0.0794,1.795
93242,300508.9988093668,0.0522,0.32
95551,297265.9070968056,0.0308,0.96
92378,295814.5953139034,0.1017,2.7916666666666665
96016,291569.0006288308,0.05,1.915
96134,289449.9004821995,0.456,0.5783333333333334
92060,286144.03520990873,0.0457,2.105
90010,283041.70898775035,0.0106,0.37000000000000005
96105,281003.2780337413,0.6188,1.6683333333333332
93623,279060.95237876585,0.065,1.7216666666666667
95681,273135.2354803832,0.0909,1.0383333333333333
95248,270824.1914159669,0.0256,2.138333333333333
95427,269936.01969516074,0.0373,1.8416666666666668
93516,269160.15374677896,0.0208,0.57
95937,262780.7416895879,0.0955,0.3233333333333333
92233,262192.32832353417,0.0316,0.40499999999999997
95526,261919.10605701274,0.075,2.0083333333333333
95527,261747.3139933145,0.0454,2.6733333333333333
94592,261662.39209644892,0.0474,0.3133333333333333
95432,260261.903736489,0.0373,1.7066666666666668
93252,255831.87811515748,0.9019,0.6699999999999999
95715,255420.58270490592,0.3733,1.4566666666666668
92257,254508.67518939087,0.0316,0.355
95979,253848.94793434683,0.1743,1.3016666666666665
95002,253527.45844812703,0.0131,0.4483333333333333
96107,251868.16348115532,0.0833,1.3766666666666667
95419,251482.3243549501,0.052,1.6266666666666667
95941,251242.55161577722,0.0598,2.4316666666666666
96126,249497.63758333668,0.0794,1.6633333333333333
93641,247868.25240419095,0.3382,2.058333333333333
95930,245141.99014790033,0.0598,1.7750000000000001
92267,237997.93733719716,0.0448,0.7200000000000001
93616,237948.5129958717,0.065,0.33
95140,236205.00373408588,0.0131,1.6433333333333333
91963,235635.55659008486,0.0084,1.8366666666666667
95830,233754.52507764674,0.0376,0.45999999999999996
96084,232646.2667579008,0.0923,1.9966666666666668
92398,231603.05563132482,0.0143,0.47833333333333333
93523,229289.32656636112,0.0208,0.7600000000000001
96071,229043.22883478022,0.05,2.22
95494,228613.91960261468,0.0586,1.7816666666666665
93925,222609.006756566,0.0192,0.7583333333333333
95736,221965.6736200059,0.0681,1.9833333333333334
93272,221371.24376163646,0.0522,0.39166666666666666
96050,219338.2178617971,0.4491,2.0883333333333334
95017,219132.31629985548,0.0509,1.2933333333333332
95039,216913.59657731073,0.0192,0.48500000000000004
95227,214886.6328339473,0.1963,0.7483333333333334
95420,212629.63434897864,0.0373,1.84
93461,211950.79741311807,0.5055,0.5883333333333334
95041,211418.66526825383,0.0509,1.5033333333333332
95043,211281.50730929905,0.2477,1.36
95548,211277.88322525128,0.0308,1.6666666666666667
93541,211157.12419362334,0.0592,1.49
95554,208346.52661699808,0.0308,2.283333333333333
92066,207046.494481759,0.0457,1.45
95612,202910.00139322242,0.0376,0.43333333333333335
91948,198588.56839653105,0.0457,2.668333333333333
96121,196821.93988969535,0.0794,1.6783333333333335
95645,194828.96725313453,0.0681,0.6866666666666666
93562,192004.8890912376,0.0143,0.48666666666666664
93645,191573.93245464543,0.065,2.0616666666666665
95552,191392.20695768832,0.0308,1.9766666666666666
96113,189583.02804373545,0.0794,1.0883333333333334
95656,188801.68690723358,0.0376,2.3333333333333335
95717,187667.22931607475,0.0681,2.061666666666667
95232,185945.63224091716,0.0256,2.025
95319,185793.16914292093,0.0256,0.245
95075,185469.68580855126,0.0192,1.2066666666666668
96063,183526.94568365737,0.0373,2.183333333333333
96086,181982.33276136324,0.0542,1.9749999999999999
93721,181416.8169575729,0.065,0.27666666666666667
96111,180007.07826032018,0.0794,2.486666666666667
95675,179800.82771456905,0.0376,2.215
95613,179732.1417548261,0.0681,1.8666666666666665
95558,179380.50785362304,0.0807,1.5983333333333334
95444,178816.15897829243,0.0586,0.5599999999999999
96006,177984.7272747941,0.05,1.2466666666666668
93962,176692.56209499543,0.0192,0.24666666666666667
93526,175280.16394280025,0.0862,0.6633333333333333
95546,174853.3063403021,0.0287,1.5916666666666668
95374,167730.24174181823,0.0256,0.48500000000000004
95934,167534.7492347433,0.2238,1.8066666666666666
96017,166426.6063615209,0.05,2.1233333333333335
90743,166133.04870854883,0.0132,0.20999999999999996
95439,164585.53196574806,0.0586,0.395
93206,164035.30406756673,0.0609,0.3833333333333333
95955,162416.96448977245,0.0874,0.2733333333333334
92281,159889.06541490756,0.0316,0.4033333333333333
94074,159726.5409500375,0.0079,1.845
96033,157622.43914572833,0.0398,1.9933333333333334
95601,157439.71303564825,0.0376,1.4983333333333333
95925,155602.25487846884,0.0598,1.9433333333333334
95659,152977.61098255476,0.0681,0.435
96128,152740.63520302228,0.0794,1.0083333333333333
95113,152023.5896535056,0.0131,0.23833333333333337
96040,150887.77968249968,0.05,1.6033333333333333
95488,150726.08527133527,0.0507,1.8916666666666666
95674,150234.51277327994,0.0681,0.3516666666666666
93932,147704.46362989166,0.253,1.0333333333333334
96046,146272.79200583356,0.0433,2.216666666666667
90021,145809.73094688507,0.0106,0.2916666666666667
96104,144981.5120215318,0.0919,0.5966666666666667
95412,144671.33294362598,0.0521,1.9116666666666668
91934,144157.41420984795,0.0316,1.0233333333333332
93208,143882.3863515674,0.0609,1.45
95668,142383.44642211756,0.5912,0.37166666666666665
95686,142367.86187022494,0.0376,0.27166666666666667
95318,140572.61168184524,0.0514,2.5216666666666665
95443,139921.05909020922,0.0586,1.5
93254,139066.44795260768,0.4003,0.7333333333333334
95556,138229.03325046654,0.0308,2.1599999999999997
93266,136730.2794424432,0.0522,0.22
93606,136012.8074023269,0.065,0.14
95323,135623.64755123373,0.0256,0.39166666666666666
96058,135000.85301666695,0.1034,1.1433333333333333
95369,132885.65751290173,0.0256,0.555
94548,132283.73496790402,0.0256,0.4216666666666667
92283,132032.22002128826,0.0316,0.5016666666666666
96015,131238.7297105932,0.0431,1.57
96037,130306.83986271275,0.144,0.8566666666666668
93603,130296.76778419499,0.0983,2.2466666666666666
94576,129649.74396395846,0.0586,1.8949999999999998
92273,128800.88994987054,0.0316,0.22166666666666668
95565,128752.43038279317,0.0308,1.4666666666666668
95424,127349.5307052815,0.0586,0.8300000000000001
96038,127257.5498264428,0.1592,0.48666666666666664
95471,125285.79258622768,0.052,1.2533333333333332
94922,123375.16329712683,0.052,1.2283333333333333
93633,122041.12973054552,0.065,1.5999999999999999
92275,121822.2741728989,0.0316,0.22333333333333336
93261,121410.56377424105,0.0609,0.2233333333333333
96129,121109.45355532684,0.0794,1.2883333333333333
96075,120561.98129257488,0.0317,1.9933333333333334
94021,119968.57756754024,0.0079,1.8533333333333335
95313,118441.18243724022,0.0256,0.38166666666666665
94573,118173.16813316246,0.0586,0.84
93621,117027.778277494,0.427,1.8283333333333331
93668,116388.97066415296,0.0522,0.205
92266,115548.85299696034,0.0316,0.48
94940,115456.96472801668,0.052,0.9516666666666667
95978,114915.17786547253,0.2238,1.8366666666666667
95637,114272.69192223343,0.1157,0.6233333333333333
95463,112683.63765084476,0.0373,1.445
93249,112559.2947065196,0.1471,0.5316666666666666
96009,112437.04207023168,0.0901,1.23
96034,109929.83106734963,0.144,1.2933333333333332
94129,109570.0096380587,0.0079,0.6316666666666667
95064,109517.467421263,0.0509,1.3183333333333334
96162,109304.48137203784,0.0794,2.0516666666666667
93605,109178.25028882234,0.1386,1.4766666666666666
95837,108935.1142372111,0.0376,0.33
91931,107936.79313090378,0.0457,1.97
96010,107891.60159149356,0.0826,2.813333333333333
93452,106808.72517131554,0.0269,1.76
92368,106742.36507425997,0.0208,0.8133333333333334
96117,106737.27875175716,0.6978,1.3866666666666667
95587,106176.23420678741,0.0308,1.6450000000000002
95957,104908.10842783182,0.0681,0.41333333333333333
96090,104650.42184752216,0.0373,0.42
94516,102072.57762706863,0.0125,2.125
93226,101365.67627451614,0.0609,1.6500000000000001
95984,100575.49030330422,0.1514,2.005
93227,99578.17331137604,0.0522,0.25333333333333335
95511,99036.85662990119,0.0308,2.43
95493,96994.4401517798,0.2238,1.5783333333333331
95585,95599.54537018716,0.0308,1.865
92259,95313.71042262376,0.2472,0.515
94104,94689.85522908348,0.0125,0.35000000000000003
95986,94196.00947767157,0.0681,2.776666666666667
95615,89854.64471323606,0.0376,0.37666666666666665
95970,86607.59017020509,0.0598,0.39999999999999997
93218,86473.26196336836,0.0609,0.39166666666666666
95430,86388.39433548639,0.052,1.7866666666666668
93224,85105.86871002371,0.0609,0.48500000000000004
95417,85084.53792149885,0.0373,1.3
95555,83175.03727850548,0.0308,1.2133333333333332
95939,82710.5435474817,0.1031,1.585
94569,82677.26705449936,0.0474,1.1266666666666667
92401,80916.77135791667,0.1017,0.37833333333333335
96014,79965.9516732634,0.1179,1.6450000000000002
94971,78794.80886838188,0.052,0.8633333333333333
95545,77766.71342841035,0.0308,1.6916666666666667
95230,77314.16982516524,0.3006,0.605
95429,77245.94193873886,0.0373,2.316666666666667
96076,77076.2047901106,0.3346,2.42
96054,76685.30250642555,0.1171,1.5583333333333333
95595,74983.93737582887,0.0913,2.091666666666667
95972,74941.70946103681,0.0598,2.0233333333333334
93244,74566.57377626163,0.065,1.075
92347,74131.21381466658,0.0143,0.57
95305,73394.53488934427,0.1613,1.8433333333333335
95309,72804.30337789516,0.0256,1.7016666666666669
92239,71803.97904973142,0.0424,0.6666666666666666
96108,70913.04880305659,0.05,1.3499999999999999
95974,70643.59069887758,0.0598,0.34500000000000003
93239,70539.77680740836,0.5674,0.33666666666666667
96151,70391.29244840189,0.0794,1.335
95699,70296.17048864868,0.0376,1.6483333333333334
92258,70086.1277727988,0.0424,0.38166666666666665
95550,70038.41572126292,0.0308,2.4616666666666664
92678,70000.61588857292,0.0657,2.5166666666666666
96092,69788.73612558385,0.2238,0.44166666666666665
93287,67306.63994795161,0.0609,1.6966666666666665
95569,66730.9188525863,0.0308,1.42
95571,66474.82446568499,0.0308,1.825
93549,65882.10657292888,0.0862,0.6883333333333334
95913,65275.14157242275,0.2238,0.3233333333333333
93450,65100.67108917604,0.77,0.6833333333333332
95486,64033.59213006614,0.052,1.7333333333333334
95607,61983.90117338275,0.4238,0.6699999999999999
94972,61201.64445527495,0.052,0.6316666666666667
95653,61170.058374344895,0.0586,0.2816666666666667
90058,60972.348110640836,0.0106,0.20166666666666666
95303,59319.559172515146,0.0256,0.34500000000000003
93608,59128.69111157005,0.0522,0.255
95559,58224.68169005021,0.0308,2.0766666666666667
93201,57565.25149161668,0.0609,0.3166666666666667
95698,55990.36377693237,0.0376,0.4166666666666667
96133,55970.633150796115,0.0794,1.0483333333333333
94562,54879.336979237225,0.0586,0.7399999999999999
93673,54278.42158935529,0.065,0.35000000000000003
92310,54094.649087788195,0.0143,0.065
95229,53879.10305706138,0.0256,1.8716666666666668
91210,52085.20586272259,0.0124,0.5683333333333334
95697,52029.239466972394,0.0376,0.41500000000000004
95514,51092.60779504178,0.0308,1.7616666666666667
95537,49258.69843483738,0.0308,0.8300000000000001
93665,49144.19896029767,0.065,0.20666666666666667
93512,48014.67746951749,0.0862,0.965
95676,47442.37973207214,0.0681,0.245
95606,47240.039337175425,0.1916,0.8583333333333334
92327,46839.576188408035,0.0143,0.455
93954,46404.72058798551,0.0192,0.6849999999999999
95625,46344.943170878214,0.0586,0.39333333333333337
96085,46060.87558703774,0.144,1.7116666666666667
95943,45601.09402921308,0.2238,0.4583333333333333
96116,44579.16900416873,0.0477,1.2416666666666667
96011,44431.26185510798,0.05,1.8516666666666666
95226,44316.04453310987,0.0256,1.7133333333333336
96089,43560.73382706652,0.05,1.1366666666666667
93563,43305.514190601156,0.0432,1.83
95639,42979.97535661545,0.0376,0.29
95564,41196.61328554553,0.0308,0.4466666666666666
93652,41150.22188419951,0.065,0.3116666666666667
96115,41061.004328846466,0.0574,1.1916666666666667
96112,39546.538206869875,0.0405,1.6783333333333335
95910,39352.924732575884,0.0598,1.47
96074,37942.47068789201,0.1312,1.5350000000000001
96110,37690.195183201526,0.0299,0.5783333333333333
95568,36846.091948213776,0.0308,2.1666666666666665
95435,36740.09138849211,0.0586,1.2066666666666668
95950,36541.27341749664,0.0681,0.31
95920,35884.887657083396,0.0583,0.9233333333333333
91980,35330.984324658915,0.0084,1.57
95141,34522.6396388988,0.0131,0.7616666666666667
96031,31560.39948572338,0.0664,1.6566666666666665
96123,30229.09060485692,0.5892,1.4400000000000002
95325,29863.85912067302,0.065,0.875
95679,29587.034189735525,0.0193,0.62
94964,28889.02784225126,0.0125,0.3983333333333334
93528,27885.611581899782,0.0208,0.2333333333333333
95385,27136.84274270684,0.0256,0.5366666666666667
96029,26783.463433226825,0.0373,0.8333333333333334
96155,26730.101892126906,0.0794,0.59
95944,26564.83305661699,0.0598,2.195
92309,26127.831877533667,0.0143,0.2333333333333333
95253,25499.28368072164,0.0256,0.255
94950,25185.239759523007,0.052,1.0866666666666667
93429,24730.9262715257,0.0269,1.2966666666666666
95317,23442.121390414664,0.065,0.28833333333333333
93258,22364.14050076865,0.0609,0.4083333333333334
96078,21852.521100610822,0.0373,0.43166666666666664
95924,20979.031913628023,0.0681,1.4633333333333336
95387,20696.52278014983,0.0256,0.25
93262,19737.096625736547,0.3824,1.3816666666666666
92280,19175.13413941123,0.031,0.19166666666666665
96136,19134.032118237585,0.6888,1.2116666666666667
94535,19120.100608661152,0.0474,0.13
93554,18692.055307277595,0.0208,0.48
96119,18374.089233955747,0.05,1.02
96135,18094.94840651921,0.0794,1.1366666666666667
95680,18068.262900428756,0.0376,0.38833333333333336
93435,17977.483841036235,0.0269,0.91
96158,16858.510726770215,0.0794,1.155
95958,16387.950565699328,0.0598,0.45999999999999996
95433,16377.768020741356,0.0474,0.5433333333333333
95712,16339.860077624244,0.0681,1.4166666666666667
92318,16154.724885950893,0.1017,0.4566666666666667
95013,15967.313506009108,0.0131,0.47333333333333333
92389,15753.035477493071,0.0143,0.455
95221,15439.440327520886,0.0256,0.8450000000000001
93276,14779.746671317736,0.0609,0.3333333333333333
95903,14761.565967417613,0.6456,0.25833333333333336
95312,14582.810414978627,0.0256,0.40166666666666667
95481,14111.451840435057,0.2238,0.8783333333333333
96160,14006.101774244858,0.0794,1.7550000000000001
92518,13881.21365453536,0.1017,0.13999999999999999
96068,13677.005025804361,0.05,1.485
93666,13529.386700950905,0.065,0.33666666666666667
95480,13029.453458531154,0.052,1.5
91719,12876.53924533861,0.0457,0.0
93922,12750.215229602976,0.0509,0.3666666666666667
94130,12060.263835585063,0.0125,0.25166666666666665
93928,11646.517996283199,0.1877,1.6133333333333333
92667,11539.68190596909,0.0457,0.0
92323,11538.07181778646,0.031,0.61
92384,11311.326520836024,0.0605,0.8966666666666666
94512,11174.689157679744,0.0474,0.3666666666666667
92329,11160.617057591364,0.1316,1.1483333333333332
92092,10711.995737034957,0.0457,0.3033333333333333
93530,10640.230171122234,0.0862,0.8333333333333334
95915,10087.662591018365,0.2238,0.9083333333333333
95347,9844.89055941814,0.0256,1.5716666666666665
93251,9700.824560316494,0.0609,0.355
92326,9554.145421034335,0.0457,1.3366666666666667
91720,8736.541340529657,0.0457,0.09499999999999999
92332,8304.410635089995,0.0303,0.4166666666666667
95652,8108.934060884764,0.0376,0.065
91023,8004.437450945379,0.0124,0.6666666666666666
95416,7911.86871069596,0.0474,0.48166666666666663
92136,7436.371906872764,0.0084,0.08166666666666667
95940,7225.487351447497,0.0598,1.6666666666666667
93519,6635.391184723368,0.0208,0.5
95644,6614.05257963091,0.0794,1.6666666666666667
96132,6181.972313429548,0.0487,0.5283333333333333
90264,6029.445022984726,0.0121,0.3333333333333333
94914,5978.658782720731,0.0125,0.28833333333333333
93437,5859.7177463353255,0.09,0.26333333333333336
93624,5569.173840720053,0.0522,0.22166666666666668
92364,5205.345924081095,0.1537,0.16666666666666666
92714,5029.4344112538065,0.0457,0.0
94720,4978.064222894971,0.0125,0.63
93522,4964.435439565801,0.0862,0.24500000000000002
92334,4927.319006780683,0.1017,0.19999999999999998
93558,4789.283077387096,0.0208,0.5333333333333333
94035,4634.0398152550315,0.0131,0.0
91760,4570.875590565866,0.0457,0.11166666666666668
93421,4441.0988453622385,0.0269,1.0
93627,4166.281316200541,0.0522,0.08333333333333333
93106,4129.487591585843,0.0128,0.33499999999999996
93410,4126.205026736034,0.1531,0.14833333333333334
92023,4054.898961270492,0.0457,0.3333333333333333
93629,3999.7638232261525,0.0457,0.6666666666666666
92589,3870.158013931537,0.1017,0.16666666666666666
92393,3809.513616451599,0.0208,0.12
92038,3721.2249652481523,0.0457,0.8333333333333334
90089,3668.8029513473334,0.0132,0.10333333333333333
92340,3637.718161982265,0.1017,1.1966666666666665
92328,3534.6926618636935,0.0605,0.39166666666666666
92145,3433.5699182694752,0.0457,0.225
92134,3146.5239523572236,0.0084,0.3333333333333333
93592,3024.665019433681,0.0143,0.5933333333333334
92581,2999.266170387001,0.1017,0.16666666666666666
96156,2916.799885779171,0.0794,0.5833333333333334
93464,2777.8834949650895,0.0128,0.16666666666666666
95314,2569.094191118912,0.0457,0.5
92552,2465.3105282668575,0.1017,0.0
91793,2435.519330203173,0.0132,0.0
90088,2423.8795564971097,0.0106,0.6666666666666666
95053,2360.6355977509666,0.0131,0.07166666666666667
95031,2340.7196686017714,0.0131,0.5
92686,2315.962355386362,0.0457,0.08333333333333333
93670,2310.4879626228494,0.065,0.16666666666666666
91310,2279.1927761331112,0.0847,0.6666666666666666
92665,2253.3020741000328,0.0457,0.0
95418,2097.5769408052743,0.0373,0.4183333333333333
94017,2025.5742198619841,0.0079,0.0
92809,2013.3867873764311,0.0132,0.3333333333333333
92668,1999.933470334021,0.0457,0.0
95473,1943.3651380096148,0.0586,0.3333333333333333
92135,1940.1723156497853,0.0084,0.07666666666666667
92652,1870.9061141338998,0.0132,0.16666666666666666
95061,1854.3538140918906,0.0509,0.24166666666666667
92226,1828.1391763472293,0.0316,0.3333333333333333
94953,1794.0982213819102,0.0474,0.16666666666666666
92403,1752.5510068155857,0.1017,0.16666666666666666
92654,1733.2068329517858,0.0132,0.0
94615,1633.5648552939429,0.0125,0.0
90263,1624.3910555050097,0.0121,0.16666666666666666
94119,1607.4895524471226,0.0125,0.16666666666666666
93423,1562.2722094280055,0.0269,0.3333333333333333
93590,1511.269281557278,0.1316,0.0
93504,1501.5646255070872,0.0208,0.18500000000000003
95538,1474.6130561958703,0.0308,0.0
95487,1463.8098640047842,0.0474,0.0
92846,1458.1627408898355,0.0132,0.3333333333333333
96070,1454.9292450948324,0.05,0.5
92633,1440.0656840998222,0.0457,0.0
92631,1438.9654113207685,0.0457,0.0
92088,1394.5789164428622,0.0457,0.3333333333333333
93649,1369.6552018887705,0.065,0.16666666666666666
96099,1351.624961984519,0.05,0.6666666666666666
92222,1326.9396183530168,0.0316,0.0
94942,1270.436516874614,0.0125,0.16666666666666666
93542,1190.5439098934148,0.0208,0.0
92684,1175.0315891924822,0.0132,0.16666666666666666
92261,1173.6913375193592,0.0424,0.0
92687,1155.988320684632,0.0457,0.0
95730,1152.0496683987942,0.0457,0.3333333333333333
92055,1145.7067571971213,0.0456,0.18000000000000002
92635,1140.8416853116757,0.0457,0.0
95406,1126.726192208942,0.0586,0.16666666666666666
91330,1124.247226244386,0.0124,0.065
94522,1119.8682414497089,0.0474,0.0
91729,1107.9764597304436,0.1017,0.16666666666666666
91357,1094.973902785849,0.0124,0.16666666666666666
92093,1089.6949574770174,0.0457,0.11499999999999999
93009,1080.3108003289408,0.0121,0.3333333333333333
90095,1079.7453231592467,0.0132,0.21666666666666667
93760,1062.6611253454007,0.065,0.0
93246,1059.757599536975,0.0522,0.33666666666666667
93447,1036.9723779150095,0.0522,0.61
94613,1024.3008492252884,0.0125,0.17666666666666667
96127,1011.5408550619069,0.2238,0.3333333333333333
92172,998.4914338485031,0.0084,0.0
94537,985.698092573388,0.0131,0.16666666666666666
92564,984.4551523755326,0.1017,0.3333333333333333
92018,961.3441323422644,0.0457,0.16666666666666666
91734,952.7030389671451,0.0132,0.0
93457,926.1873468248104,0.0269,0.08333333333333333
92133,911.9595077148576,0.0457,0.16666666666666666
90071,877.4828365028749,0.0106,0.11499999999999999
92502,874.126497159552,0.1017,0.16666666666666666
91715,868.2143958336957,0.0132,0.0
93944,855.4874363389687,0.0509,0.18500000000000003
92375,850.6468159414525,0.1017,0.16666666666666666
95234,844.8145530421489,0.0256,0.22833333333333336
92350,834.7316544187468,0.1017,0.16666666666666666
92415,827.6268705898992,0.1017,0.3333333333333333
92085,819.5363833241399,0.0457,0.3333333333333333
91031,816.6574048515552,0.0124,0.0
95153,797.0859271974667,0.0131,0.16666666666666666
90639,794.273739488555,0.0132,0.10833333333333334
92670,779.8997708438353,0.0457,0.0
93502,772.0386109002942,0.0208,0.0
92357,741.6786598178418,0.1017,0.16666666666666666
92192,737.3343364204803,0.0084,0.16666666666666666
94614,737.1015581501651,0.0125,0.16666666666666666
93102,729.5692152057953,0.0128,0.3333333333333333
92546,721.6777773577318,0.1017,0.0
95211,702.6279571804209,0.0256,0.26333333333333336
93062,694.9901505909929,0.0121,0.16666666666666666
93524,691.9155360745069,0.0208,0.16166666666666665
93412,684.1660025817874,0.0269,0.16666666666666666
91912,680.4273232393823,0.0084,0.16666666666666666
92304,663.0590101556315,0.0424,0.5
95836,660.7374032206777,0.0376,0.3333333333333333
92140,649.837172376682,0.0084,0.14166666666666666
92531,643.5717450070832,0.1017,0.0
92862,640.5227579954704,0.0132,0.16666666666666666
93740,634.0381857137083,0.065,0.13166666666666668
92645,632.5994430343169,0.0457,0.0
94088,627.2175610613422,0.0131,0.16666666666666666
95213,626.2616456649603,0.0256,0.16666666666666666
92621,623.6317160692198,0.0457,0.08166666666666667
93556,616.6119089662188,0.0208,0.16666666666666666
93613,594.9157325018965,0.065,0.16666666666666666
93407,594.3054152120476,0.0269,0.18166666666666667
92278,592.6269500944095,0.0424,0.13166666666666668
92068,591.3274329863295,0.0457,0.16666666666666666
92572,588.9623712588264,0.1017,0.5333333333333333
94540,586.7256875329231,0.0131,0.3333333333333333
95024,516.2633319129635,0.0192,0.3333333333333333
91802,512.9513955136434,0.0124,0.0
94581,495.76115961077,0.0474,0.16666666666666666
95502,492.04620132027,0.0308,0.0
92674,486.8328527072083,0.1017,0.3333333333333333
96079,468.73469244654314,0.05,0.3333333333333333
91046,460.7301933312835,0.0124,0.14833333333333334
92263,450.33400038993494,0.1017,0.16666666666666666
92051,449.1299716028294,0.0457,0.16666666666666666
95604,438.28507554116584,0.0681,0.3333333333333333
92522,436.3571649963216,0.1017,0.3333333333333333
93642,431.8653535178473,0.0862,0.5
93717,425.32108971706907,0.065,0.16666666666666666
92022,419.4426072000685,0.0457,0.0
90213,415.21073005102073,0.0124,0.3333333333333333
92658,409.2936517207201,0.0132,0.16666666666666666
90224,404.0757862804099,0.0132,0.16666666666666666
90079,399.7493024494326,0.0132,0.0
95296,395.2704838834348,0.0256,0.20833333333333334
92112,390.4936414494739,0.0084,0.3333333333333333
94979,388.9870791942881,0.0125,0.16666666666666666
91334,378.3201973430268,0.0124,0.0
92182,377.76083357642955,0.0084,0.08833333333333333
91041,375.0276575185299,0.0124,0.5
92593,361.82711141791634,0.1017,0.16666666666666666
93043,361.38070957006994,0.0121,0.105
95021,355.8103832883493,0.0192,0.09999999999999999
94575,355.7518465087961,0.0131,0.21333333333333335
93915,348.1367492822065,0.0192,0.0
93581,344.27424556467264,0.0847,0.17833333333333334
94016,337.40299384237994,0.0079,0.0
90261,334.96822707140615,0.0106,0.0
94701,321.6869109372439,0.0125,0.075
93220,317.56006656379543,0.0693,0.16666666666666666
94064,315.1159993071195,0.0079,0.065
92640,314.20713175746164,0.0457,0.16666666666666666
92049,312.7078448514415,0.0457,0.16666666666666666
93232,310.93288698712473,0.0522,0.16666666666666666
93448,310.61376816328954,0.0269,0.16666666666666666
95063,310.05997758960507,0.0509,0.16666666666666666
95929,304.6932415551119,0.2238,0.09333333333333334
93456,303.27303296266456,0.0269,0.3333333333333333
90294,298.4751382352764,0.0106,0.16666666666666666
91678,290.91149852619066,0.0457,0.0
92096,288.5021004163641,0.0457,0.16666666666666666
95611,282.5701853496299,0.0376,0.0
92178,279.88757364041925,0.0084,0.16666666666666666
93729,277.5985042682902,0.065,0.0
94026,276.87149741707185,0.0079,0.3333333333333333
95300,273.7591073260397,0.0457,0.0
92834,256.0927222708165,0.0132,0.16666666666666666
95763,255.5158657948915,0.0376,0.16666666666666666
95241,250.4632269831968,0.0256,0.16666666666666666
95992,250.12174067691,0.0681,0.16666666666666666
92132,246.42052929402442,0.0084,0.16666666666666666
95671,240.20372064324326,0.0681,0.06666666666666667
94966,239.93242098968568,0.0125,0.3333333333333333
92406,239.55441676846627,0.1017,0.16666666666666666
94146,239.05877935258832,0.0125,0.16666666666666666
91617,225.35511503330778,0.0124,0.0
92811,218.7096829130414,0.0132,0.16666666666666666
92349,216.42177455687002,0.0457,0.0
93303,215.462299736229,0.0609,0.0
92517,213.2462894914153,0.1017,0.0
93389,202.73522854427964,0.0609,0.16666666666666666
92013,199.92698820930147,0.0457,0.16666666666666666
93121,199.55711995768152,0.0128,0.16666666666666666
93024,199.19064616793935,0.0121,0.0
91329,197.2293425603101,0.0124,0.0
90409,196.22255401943377,0.0106,0.0
91117,196.22255401943377,0.0124,0.0
92615,196.01574176072026,0.0132,0.09166666666666667
92616,193.3993610021222,0.0132,0.3333333333333333
91012,192.7868012908997,0.0124,0.0
93539,187.73889002208597,0.1316,0.028333333333333335
90231,186.68343509582604,0.0106,0.0
93386,185.61151933265077,0.0609,0.0
91124,183.83442663916875,0.0124,0.0
96049,182.5799949019024,0.05,0.0
92838,180.9251881742352,0.0132,0.0
95026,178.74975141006325,0.0131,0.16666666666666666
95016,177.75433352605287,0.0457,0.0
92170,176.01390770710216,0.0084,0.16666666666666666
92693,174.06837464110325,0.0132,0.16666666666666666
93384,173.6636182468644,0.0609,0.16666666666666666
95534,173.01491914618728,0.0308,0.16666666666666666
93032,171.66053418850086,0.0121,0.0
93390,169.5835674107194,0.0609,0.16666666666666666
91788,166.41010338938833,0.0132,0.16666666666666666
92803,164.62613267198606,0.0132,0.05333333333333334
92143,164.26963058864445,0.0457,0.16666666666666666
92521,161.1607269357236,0.1017,0.16666666666666666
91951,159.47051083548513,0.0084,0.16666666666666666
93515,155.7143743040935,0.0862,0.16666666666666666
94978,153.06152082116762,0.0125,0.5
95011,149.7979727727886,0.0131,0.16666666666666666
92366,147.87124834129273,0.1523,0.16666666666666666
92338,147.7804679981547,0.0424,0.16666666666666666
94557,146.4752364067688,0.0131,0.16666666666666666
92161,143.29212639696365,0.0457,0.16666666666666666
93064,141.2916761776697,0.0124,0.5
95431,138.69582877643663,0.0474,0.5
92155,138.03355781932063,0.0084,0.16666666666666666
90506,136.91112026971416,0.0132,0.0
94802,136.70112428384573,0.0125,0.16666666666666666
91747,136.6168511416265,0.0132,0.16666666666666666
91328,135.91203339312332,0.0124,0.16666666666666666
92628,135.64757684299937,0.0132,0.16666666666666666
91126,126.87125006361747,0.0124,0.16666666666666666
93031,125.48011179113094,0.0121,0.16666666666666666
92147,125.04321914873377,0.0084,0.145
91404,121.90938034947085,0.0124,0.0
91125,118.74080248686548,0.0124,0.07666666666666667
93912,114.55954288886763,0.0192,0.0
91380,114.01226493728329,0.0124,0.0
93403,113.87904523363574,0.0269,0.0
93107,109.57248090302737,0.0128,0.0
91510,94.11360306891866,0.0124,0.0
94529,88.02344534555262,0.0474,0.3333333333333333
94023,86.74894717672228,0.0131,0.16666666666666666
95164,48.02995326663345,0.0131,0.16666666666666666
93042,46.98585975667258,0.0121,0.16666666666666666
92138,37.387366956414155,0.0084,0.0
92619,36.65790232101743,0.0132,0.16666666666666666
94128,31.881237607361733,0.0079,0.16666666666666666
92690,30.244020971657008,0.1017,0.0
91385,6.481459319180764,0.0124,0.16666666666666666
91716,4.962211123039899,0.0132,0.0
95077,0.0,0.0192,0.0
95518,0.0,0.0308,0.0
93016,0.0,0.0121,0.5
92814,0.0,0.0132,0.0
95696,0.0,0.0586,0.0
90607,0.0,0.0132,0.16666666666666666
90509,0.0,0.0132,0.0
93005,0.0,0.0121,0.0
92427,0.0,0.1017,0.16666666666666666
91365,0.0,0.0124,0.0
95353,0.0,0.0256,0.0
92554,0.0,0.1017,0.5
91637,0.0,0.0457,0.0
91383,0.0,0.0124,0.0
91396,0.0,0.0124,0.16666666666666666
91413,0.0,0.0124,0.0
95343,0.0,0.065,0.0
94912,0.0,0.0125,0.0
93387,0.0,0.0609,0.0
93714,0.0,0.065,0.0
90408,0.0,0.0106,0.16666666666666666
91077,0.0,0.0124,0.0
91066,0.0,0.0124,0.0
95812,0.0,0.0376,0.16666666666666666
92952,0.0,0.0457,0.0
92816,0.0,0.0132,0.0
93750,0.0,0.065,0.0
93724,0.0,0.065,0.0
90608,0.0,0.0132,0.0
95067,0.0,0.0509,0.0
95055,0.0,0.0131,0.0
95716,0.0,0.0457,0.0
93020,0.0,0.0121,0.0
91021,0.0,0.0124,0.0
91025,0.0,0.0124,0.16666666666666666
91785,0.0,0.1017,0.0
91769,0.0,0.0132,0.16666666666666666
93661,0.0,0.065,0.0
92697,0.0,0.0132,0.0
91188,0.0,0.0124,0.0
91130,0.0,0.0457,0.0
95866,0.0,0.0376,0.16666666666666666
91921,0.0,0.0084,0.0
95115,0.0,0.0131,0.0
95150,0.0,0.0131,0.0
93406,0.0,0.0269,0.3333333333333333
94011,0.0,0.0079,0.0
94013,0.0,0.0457,0.0
90734,0.0,0.0132,0.0
92255,0.0,0.0424,0.16666666666666666
95967,0.0,0.2238,0.5
90096,0.0,0.0106,0.5
90084,0.0,0.0106,0.16666666666666666
92235,0.0,0.0424,0.0
90078,0.0,0.0106,0.0
95927,0.0,0.2238,0.16666666666666666
92150,0.0,0.0084,0.0
90082,0.0,0.0106,0.0
93584,0.0,0.1316,0.16666666666666666
90801,0.0,0.0132,0.0
95015,0.0,0.0131,0.0
93483,0.0,0.0269,0.0
95192,0.0,0.0131,0.0
95201,0.0,0.0256,0.0
91109,0.0,0.0124,0.0
94974,0.0,0.0125,0.0
95001,0.0,0.0509,0.0
95152,0.0,0.0131,0.0
92623,0.0,0.0132,0.0
93237,0.0,0.065,0.5
92381,0.0,0.0457,0.0
95250,0.0,0.0457,0.0
95402,0.0,0.0586,0.0
92607,0.0,0.0132,0.0
90060,0.0,0.0106,0.0
91305,0.0,0.0124,0.0
91209,0.0,0.0124,0.0
90051,0.0,0.0106,0.0
95269,0.0,0.0256,0.0
90073,0.0,0.0132,0.16666666666666666
95381,0.0,0.0256,0.0
91308,0.0,0.0124,0.0
91319,0.0,0.0121,0.16666666666666666
95617,0.0,0.0376,0.0
92842,0.0,0.0132,0.0
93607,0.0,0.065,0.0
92731,0.0,0.0457,0.0
92039,0.0,0.0457,0.0
92079,0.0,0.0457,0.3333333333333333
92720,0.0,0.0457,0.0
92052,0.0,0.0457,0.16666666666666666
94142,0.0,0.0125,0.0
92836,0.0,0.0132,0.0
91337,0.0,0.0124,0.0
94150,0.0,0.0457,0.0
94302,0.0,0.0131,0.16666666666666666
94160,0.0,0.0125,0.3333333333333333
91610,0.0,0.0132,0.0
96152,0.0,0.0794,0.0
